brand,video_id,title,channel,publishedAt,views,likes,commentCount,author,comment,comment_likes,comment_publishedAt,clean_cmt,sentiment,engagement_rate,publish_date,date,posted_date
Sting,YiYoc-japsU,NĂNG LƯỢNG STING VIỆT QUẤT – DÁM NGHĨ DÁM LÀM,Sting World Vietnam,2025-04-09T02:18:40Z,8609081,8985,47,@02.nguyenbaduyanh41,sting đỏ là chân ái,0,2025-11-08T14:41:33Z,sting đỏ là chân ái,positive,0.0,2025-11-08 14:41:33+00:00,2025-11-08 00:00:00+00:00,2025-11-08 14:41:33+00:00
Sting,YiYoc-japsU,NĂNG LƯỢNG STING VIỆT QUẤT – DÁM NGHĨ DÁM LÀM,Sting World Vietnam,2025-04-09T02:18:40Z,8609081,8985,47,@huuduy2823,vị dâu ngon,0,2025-11-08T14:16:40Z,vị dâu ngon,positive,0.0,2025-11-08 14:16:40+00:00,2025-11-08 00:00:00+00:00,2025-11-08 14:16:40+00:00
Sting,YiYoc-japsU,NĂNG LƯỢNG STING VIỆT QUẤT – DÁM NGHĨ DÁM LÀM,Sting World Vietnam,2025-04-09T02:18:40Z,8609081,8985,47,@huuduy2823,Sting,0,2025-11-08T14:16:33Z,sting,neutral,0.0,2025-11-08 14:16:33+00:00,2025-11-08 00:00:00+00:00,2025-11-08 14:16:33+00:00
Sting,YiYoc-japsU,NĂNG LƯỢNG STING VIỆT QUẤT – DÁM NGHĨ DÁM LÀM,Sting World Vietnam,2025-04-09T02:18:40Z,8609081,8985,47,@huuduy2823,dám nghĩ dám làm,0,2025-11-08T14:16:27Z,dám nghĩ dám làm,positive,0.0,2025-11-08 14:16:27+00:00,2025-11-08 00:00:00+00:00,2025-11-08 14:16:27+00:00
Sting,YiYoc-japsU,NĂNG LƯỢNG STING VIỆT QUẤT – DÁM NGHĨ DÁM LÀM,Sting World Vietnam,2025-04-09T02:18:40Z,8609081,8985,47,@huuduy2823,Dam nghi dam lam,0,2025-11-08T14:16:14Z,dam nghi dam lam,neutral,0.0,2025-11-08 14:16:14+00:00,2025-11-08 00:00:00+00:00,2025-11-08 14:16:14+00:00
Sting,YiYoc-japsU,NĂNG LƯỢNG STING VIỆT QUẤT – DÁM NGHĨ DÁM LÀM,Sting World Vietnam,2025-04-09T02:18:40Z,8609081,8985,47,@huuduy2823,Hieuthuhai tuổi gì,0,2025-11-08T14:15:32Z,hieuthuhai tuổi gì,neutral,0.0,2025-11-08 14:15:32+00:00,2025-11-08 00:00:00+00:00,2025-11-08 14:15:32+00:00
Sting,YiYoc-japsU,NĂNG LƯỢNG STING VIỆT QUẤT – DÁM NGHĨ DÁM LÀM,Sting World Vietnam,2025-04-09T02:18:40Z,8609081,8985,47,@DT_YT020,Mặt ảnh giống a Hiếu T2 quá,1,2025-10-25T14:13:38Z,mặt ảnh giống a hiếu t2 quá,neutral,0.0,2025-10-25 14:13:38+00:00,2025-10-25 00:00:00+00:00,2025-10-25 14:13:38+00:00
Sting,YiYoc-japsU,NĂNG LƯỢNG STING VIỆT QUẤT – DÁM NGHĨ DÁM LÀM,Sting World Vietnam,2025-04-09T02:18:40Z,8609081,8985,47,@phuongminh3677,Dm ck t ngầu vl,0,2025-10-18T08:35:24Z,dm ck t ngầu vl,neutral,0.0,2025-10-18 08:35:24+00:00,2025-10-18 00:00:00+00:00,2025-10-18 08:35:24+00:00
Sting,YiYoc-japsU,NĂNG LƯỢNG STING VIỆT QUẤT – DÁM NGHĨ DÁM LÀM,Sting World Vietnam,2025-04-09T02:18:40Z,8609081,8985,47,@gunma-j4f,Sau,0,2025-10-01T12:16:48Z,sau,neutral,0.0,2025-10-01 12:16:48+00:00,2025-10-01 00:00:00+00:00,2025-10-01 12:16:48+00:00
Sting,YiYoc-japsU,NĂNG LƯỢNG STING VIỆT QUẤT – DÁM NGHĨ DÁM LÀM,Sting World Vietnam,2025-04-09T02:18:40Z,8609081,8985,47,@gunma-j4f,Kun,0,2025-10-01T12:15:25Z,kun,neutral,0.0,2025-10-01 12:15:25+00:00,2025-10-01 00:00:00+00:00,2025-10-01 12:15:25+00:00
Sting,YiYoc-japsU,NĂNG LƯỢNG STING VIỆT QUẤT – DÁM NGHĨ DÁM LÀM,Sting World Vietnam,2025-04-09T02:18:40Z,8609081,8985,47,@KhôiTrương-f6b,😂😂😂😂😂😂😂😂😂😂😂,0,2025-08-07T10:50:05Z,😂😂😂😂😂😂😂😂😂😂😂,neutral,0.0,2025-08-07 10:50:05+00:00,2025-08-07 00:00:00+00:00,2025-08-07 10:50:05+00:00
Sting,YiYoc-japsU,NĂNG LƯỢNG STING VIỆT QUẤT – DÁM NGHĨ DÁM LÀM,Sting World Vietnam,2025-04-09T02:18:40Z,8609081,8985,47,@kanliin,STING VÀO ĐANG ĐEM CÚ HÍCH VIỆT QUẤT,0,2025-07-06T09:37:26Z,sting vào đang đem cú hích việt quất,neutral,0.0,2025-07-06 09:37:26+00:00,2025-07-06 00:00:00+00:00,2025-07-06 09:37:26+00:00
Sting,YiYoc-japsU,NĂNG LƯỢNG STING VIỆT QUẤT – DÁM NGHĨ DÁM LÀM,Sting World Vietnam,2025-04-09T02:18:40Z,8609081,8985,47,@Doraemon1000s,T mê uống sting lắm nhưng từ lúc thấy mấy video làm sting giả mà t bỏ luôn 😢,2,2025-06-23T02:58:43Z,t mê uống sting lắm nhưng từ lúc thấy mấy video làm sting giả mà t bỏ luôn 😢,negative,0.0,2025-06-23 02:58:43+00:00,2025-06-23 00:00:00+00:00,2025-06-23 02:58:43+00:00
Sting,YiYoc-japsU,NĂNG LƯỢNG STING VIỆT QUẤT – DÁM NGHĨ DÁM LÀM,Sting World Vietnam,2025-04-09T02:18:40Z,8609081,8985,47,@phamhoaiduy,Clip quá đỉnh luôn không ngờ nó đéo có ý nghĩa gì cả 😂,0,2025-06-22T01:56:46Z,clip quá đỉnh luôn không ngờ nó đéo có ý nghĩa gì cả 😂,positive,0.0,2025-06-22 01:56:46+00:00,2025-06-22 00:00:00+00:00,2025-06-22 01:56:46+00:00
Sting,YiYoc-japsU,NĂNG LƯỢNG STING VIỆT QUẤT – DÁM NGHĨ DÁM LÀM,Sting World Vietnam,2025-04-09T02:18:40Z,8609081,8985,47,@Justaguyfrominternet-6h,Bạn biết gì về Wally West sting xanh ?,2,2025-06-20T14:14:57Z,bạn biết gì về wally west sting xanh,neutral,0.0,2025-06-20 14:14:57+00:00,2025-06-20 00:00:00+00:00,2025-06-20 14:14:57+00:00
Sting,YiYoc-japsU,NĂNG LƯỢNG STING VIỆT QUẤT – DÁM NGHĨ DÁM LÀM,Sting World Vietnam,2025-04-09T02:18:40Z,8609081,8985,47,@renzhi2277,Xàm chết mẹ fan hieu vô khen ko😂😂😂,0,2025-06-14T13:54:52Z,xàm chết mẹ fan hieu vô khen ko😂😂😂,negative,0.0,2025-06-14 13:54:52+00:00,2025-06-14 00:00:00+00:00,2025-06-14 13:54:52+00:00
Sting,YiYoc-japsU,NĂNG LƯỢNG STING VIỆT QUẤT – DÁM NGHĨ DÁM LÀM,Sting World Vietnam,2025-04-09T02:18:40Z,8609081,8985,47,@LoanNguyen-mc4en,😮😮😮😮😮 mắt chữ o mồm chữ a😮😮😮😮😲😲😲,0,2025-05-21T12:51:29Z,mắt chữ o mồm chữ a,neutral,0.0,2025-05-21 12:51:29+00:00,2025-05-21 00:00:00+00:00,2025-05-21 12:51:29+00:00
Sting,YiYoc-japsU,NĂNG LƯỢNG STING VIỆT QUẤT – DÁM NGHĨ DÁM LÀM,Sting World Vietnam,2025-04-09T02:18:40Z,8609081,8985,47,@khanhcao4869,"Hiếu là cậu bé , đẹp trai ,đa tài ,vham chỉ ,có đạo đức",12,2025-05-16T01:12:58Z,hiếu là cậu bé đẹp trai đa tài vham chỉ có đạo đức,positive,0.0001,2025-05-16 01:12:58+00:00,2025-05-16 00:00:00+00:00,2025-05-16 01:12:58+00:00
Sting,YiYoc-japsU,NĂNG LƯỢNG STING VIỆT QUẤT – DÁM NGHĨ DÁM LÀM,Sting World Vietnam,2025-04-09T02:18:40Z,8609081,8985,47,@HiPhan-v3m,Thích qc nha sting! Hài hước nữa,3,2025-05-01T09:24:21Z,thích qc nha sting hài hước nữa,positive,0.0,2025-05-01 09:24:21+00:00,2025-05-01 00:00:00+00:00,2025-05-01 09:24:21+00:00
Sting,YiYoc-japsU,NĂNG LƯỢNG STING VIỆT QUẤT – DÁM NGHĨ DÁM LÀM,Sting World Vietnam,2025-04-09T02:18:40Z,8609081,8985,47,@VănKhánhNguyễn-t8j,"Là 1 người có sử dụng sp và nghe nhạc Hiếu Thứ Hai thì thực sự rất thất vọng về Quảng cáo này, nó sáo rỗng và cũng ko hề hài hước. Thương hiệu lớn, nhìn cũng biết quảng cáo này rất tốn tiền nhưng từ sau rất mong hãy chú ý hơn về kịch bản, đầu tư đúng mực cho đổi ngũ biên kịch nhé, dislike!",0,2025-04-27T12:16:29Z,là 1 người có sử dụng sp và nghe nhạc hiếu thứ hai thì thực sự rất thất vọng về quảng cáo này nó sáo rỗng và cũng ko hề hài hước thương hiệu lớn nhìn cũng biết quảng cáo này rất tốn tiền nhưng từ sau rất mong hãy chú ý hơn về kịch bản đầu tư đúng mực cho đổi ngũ biên kịch nhé dislike,negative,0.0,2025-04-27 12:16:29+00:00,2025-04-27 00:00:00+00:00,2025-04-27 12:16:29+00:00
Sting,YiYoc-japsU,NĂNG LƯỢNG STING VIỆT QUẤT – DÁM NGHĨ DÁM LÀM,Sting World Vietnam,2025-04-09T02:18:40Z,8609081,8985,47,@ngayyyluong8180,"#HIEUTHUHAI 
#Sting 
#DamNghiDamLam",1,2025-04-26T11:16:07Z,hieuthuhai sting damnghidamlam,neutral,0.0,2025-04-26 11:16:07+00:00,2025-04-26 00:00:00+00:00,2025-04-26 11:16:07+00:00
Sting,YiYoc-japsU,NĂNG LƯỢNG STING VIỆT QUẤT – DÁM NGHĨ DÁM LÀM,Sting World Vietnam,2025-04-09T02:18:40Z,8609081,8985,47,@HieuNguyenVan-dv4rl,Sting  màu xanh dương là mưa hả anh,1,2025-04-24T07:36:03Z,sting màu xanh dương là mưa hả anh,neutral,0.0,2025-04-24 07:36:03+00:00,2025-04-24 00:00:00+00:00,2025-04-24 07:36:03+00:00
Sting,YiYoc-japsU,NĂNG LƯỢNG STING VIỆT QUẤT – DÁM NGHĨ DÁM LÀM,Sting World Vietnam,2025-04-09T02:18:40Z,8609081,8985,47,@quocduonghoang6735,FINALLY,0,2025-04-21T15:23:39Z,finally,neutral,0.0,2025-04-21 15:23:39+00:00,2025-04-21 00:00:00+00:00,2025-04-21 15:23:39+00:00
Sting,YiYoc-japsU,NĂNG LƯỢNG STING VIỆT QUẤT – DÁM NGHĨ DÁM LÀM,Sting World Vietnam,2025-04-09T02:18:40Z,8609081,8985,47,@hocha2090,Mua như nào vy shop,1,2025-04-20T14:31:56Z,mua như nào vy shop,neutral,0.0,2025-04-20 14:31:56+00:00,2025-04-20 00:00:00+00:00,2025-04-20 14:31:56+00:00
Sting,YiYoc-japsU,NĂNG LƯỢNG STING VIỆT QUẤT – DÁM NGHĨ DÁM LÀM,Sting World Vietnam,2025-04-09T02:18:40Z,8609081,8985,47,@Ima5yearsold-yrs19,Có ai uống chưa cho mình nghe đánh giá ak chứ mình chx có tiền mua😢,0,2025-04-17T11:03:29Z,có ai uống chưa cho mình nghe đánh giá ak chứ mình chx có tiền mua😢,negative,0.0,2025-04-17 11:03:29+00:00,2025-04-17 00:00:00+00:00,2025-04-17 11:03:29+00:00
Sting,YiYoc-japsU,NĂNG LƯỢNG STING VIỆT QUẤT – DÁM NGHĨ DÁM LÀM,Sting World Vietnam,2025-04-09T02:18:40Z,8609081,8985,47,@QuânHồ-p1g,Tưởng sting xanh chỉ trong truyền thuyết ai dè có thật 😂,1,2025-04-16T16:53:29Z,tưởng sting xanh chỉ trong truyền thuyết ai dè có thật 😂,negative,0.0,2025-04-16 16:53:29+00:00,2025-04-16 00:00:00+00:00,2025-04-16 16:53:29+00:00
Sting,YiYoc-japsU,NĂNG LƯỢNG STING VIỆT QUẤT – DÁM NGHĨ DÁM LÀM,Sting World Vietnam,2025-04-09T02:18:40Z,8609081,8985,47,@cromiquitous,ok,0,2025-04-15T10:05:07Z,ok,neutral,0.0,2025-04-15 10:05:07+00:00,2025-04-15 00:00:00+00:00,2025-04-15 10:05:07+00:00
Sting,YiYoc-japsU,NĂNG LƯỢNG STING VIỆT QUẤT – DÁM NGHĨ DÁM LÀM,Sting World Vietnam,2025-04-09T02:18:40Z,8609081,8985,47,@ACPBĐTĐĐ-y,tếu thật sự ^^,0,2025-04-11T05:39:27Z,tếu thật sự,neutral,0.0,2025-04-11 05:39:27+00:00,2025-04-11 00:00:00+00:00,2025-04-11 05:39:27+00:00
Sting,YiYoc-japsU,NĂNG LƯỢNG STING VIỆT QUẤT – DÁM NGHĨ DÁM LÀM,Sting World Vietnam,2025-04-09T02:18:40Z,8609081,8985,47,@KhánhNgọc-c4u,"điện ảnh quá Hiếu ơi, ủng hộ Sting 🎉",10,2025-04-11T02:05:29Z,điện ảnh quá hiếu ơi ủng hộ sting,positive,0.0001,2025-04-11 02:05:29+00:00,2025-04-11 00:00:00+00:00,2025-04-11 02:05:29+00:00
Sting,YiYoc-japsU,NĂNG LƯỢNG STING VIỆT QUẤT – DÁM NGHĨ DÁM LÀM,Sting World Vietnam,2025-04-09T02:18:40Z,8609081,8985,47,@nguyenlieu4399,Mang ngay 1 bộ phim tới cho HIEUTHUHAI đi,1,2025-04-11T01:09:32Z,mang ngay 1 bộ phim tới cho hieuthuhai đi,neutral,0.0,2025-04-11 01:09:32+00:00,2025-04-11 00:00:00+00:00,2025-04-11 01:09:32+00:00
Sting,YiYoc-japsU,NĂNG LƯỢNG STING VIỆT QUẤT – DÁM NGHĨ DÁM LÀM,Sting World Vietnam,2025-04-09T02:18:40Z,8609081,8985,47,@DollyTruong,Nó vừa điện ảnh vừa hài ta ơi kkk #HIEUTHUHAI #Sting,4,2025-04-10T18:26:45Z,nó vừa điện ảnh vừa hài ta ơi kkk hieuthuhai sting,positive,0.0,2025-04-10 18:26:45+00:00,2025-04-10 00:00:00+00:00,2025-04-10 18:26:45+00:00
Sting,YiYoc-japsU,NĂNG LƯỢNG STING VIỆT QUẤT – DÁM NGHĨ DÁM LÀM,Sting World Vietnam,2025-04-09T02:18:40Z,8609081,8985,47,@HiPhan-v3m,Điện ảnh quá luôn! HIEUTHUHAI VÀ STINGVIETQUAT,3,2025-04-10T17:30:14Z,điện ảnh quá luôn hieuthuhai và stingvietquat,positive,0.0,2025-04-10 17:30:14+00:00,2025-04-10 00:00:00+00:00,2025-04-10 17:30:14+00:00
Sting,YiYoc-japsU,NĂNG LƯỢNG STING VIỆT QUẤT – DÁM NGHĨ DÁM LÀM,Sting World Vietnam,2025-04-09T02:18:40Z,8609081,8985,47,@nguyenhong4581,Dám nghĩ dám làm,2,2025-04-10T16:56:45Z,dám nghĩ dám làm,positive,0.0,2025-04-10 16:56:45+00:00,2025-04-10 00:00:00+00:00,2025-04-10 16:56:45+00:00
Sting,YiYoc-japsU,NĂNG LƯỢNG STING VIỆT QUẤT – DÁM NGHĨ DÁM LÀM,Sting World Vietnam,2025-04-09T02:18:40Z,8609081,8985,47,@MyaGong,"kịch bản này hỏng ai ngờ tới luôn á, đúng là dám nghĩ dám làm, HIEUTHUHAI lúc quay set này hong biết nhịn cười cỡ nào 😂",31,2025-04-10T16:53:17Z,kịch bản này hỏng ai ngờ tới luôn á đúng là dám nghĩ dám làm hieuthuhai lúc quay set này hong biết nhịn cười cỡ nào 😂,neutral,0.0004,2025-04-10 16:53:17+00:00,2025-04-10 00:00:00+00:00,2025-04-10 16:53:17+00:00
Sting,YiYoc-japsU,NĂNG LƯỢNG STING VIỆT QUẤT – DÁM NGHĨ DÁM LÀM,Sting World Vietnam,2025-04-09T02:18:40Z,8609081,8985,47,@trngockhanh,"Thật sự là ảnh diễn viên, điện ảnh quá. Mê HIEUTHUHAI mê cả Sting Việt quất ấy",15,2025-04-10T16:51:45Z,thật sự là ảnh diễn viên điện ảnh quá mê hieuthuhai mê cả sting việt quất ấy,positive,0.0002,2025-04-10 16:51:45+00:00,2025-04-10 00:00:00+00:00,2025-04-10 16:51:45+00:00
Sting,YiYoc-japsU,NĂNG LƯỢNG STING VIỆT QUẤT – DÁM NGHĨ DÁM LÀM,Sting World Vietnam,2025-04-09T02:18:40Z,8609081,8985,47,@Sunday-96-S2,"Còn gì mà Hiếu với band chưa dám nghĩ , chưa dám làm hông :)))",2,2025-04-10T16:51:28Z,còn gì mà hiếu với band chưa dám nghĩ chưa dám làm hông,neutral,0.0,2025-04-10 16:51:28+00:00,2025-04-10 00:00:00+00:00,2025-04-10 16:51:28+00:00
Sting,YiYoc-japsU,NĂNG LƯỢNG STING VIỆT QUẤT – DÁM NGHĨ DÁM LÀM,Sting World Vietnam,2025-04-09T02:18:40Z,8609081,8985,47,@bangtamnguyenngoc-it6he,Đúng là dám nghĩ dám làm mà chưa nghĩ tới kịch bản này luôn á :))),6,2025-04-10T16:47:19Z,đúng là dám nghĩ dám làm mà chưa nghĩ tới kịch bản này luôn á,positive,0.0001,2025-04-10 16:47:19+00:00,2025-04-10 00:00:00+00:00,2025-04-10 16:47:19+00:00
Sting,YiYoc-japsU,NĂNG LƯỢNG STING VIỆT QUẤT – DÁM NGHĨ DÁM LÀM,Sting World Vietnam,2025-04-09T02:18:40Z,8609081,8985,47,@DamienColeTV,It’s me! The Final Boss!,2,2025-04-10T15:01:24Z,its me the final boss,neutral,0.0,2025-04-10 15:01:24+00:00,2025-04-10 00:00:00+00:00,2025-04-10 15:01:24+00:00
Sting,YiYoc-japsU,NĂNG LƯỢNG STING VIỆT QUẤT – DÁM NGHĨ DÁM LÀM,Sting World Vietnam,2025-04-09T02:18:40Z,8609081,8985,47,@HueHo-l6b,Sundays chưa dám nghĩ mà Hiếu đã dám làm rồi. mà làm còn quá tốt. Chờ Sting Việt quất bán rộng rãi để thưởng thức chứ đi kiếm mua khó quá,24,2025-04-10T13:38:20Z,sundays chưa dám nghĩ mà hiếu đã dám làm rồi mà làm còn quá tốt chờ sting việt quất bán rộng rãi để thưởng thức chứ đi kiếm mua khó quá,positive,0.0003,2025-04-10 13:38:20+00:00,2025-04-10 00:00:00+00:00,2025-04-10 13:38:20+00:00
Sting,YiYoc-japsU,NĂNG LƯỢNG STING VIỆT QUẤT – DÁM NGHĨ DÁM LÀM,Sting World Vietnam,2025-04-09T02:18:40Z,8609081,8985,47,@ngocdieppham819,Uống STING cùng HIEUTHUHAI,3,2025-04-10T13:32:36Z,uống sting cùng hieuthuhai,neutral,0.0,2025-04-10 13:32:36+00:00,2025-04-10 00:00:00+00:00,2025-04-10 13:32:36+00:00
Sting,YiYoc-japsU,NĂNG LƯỢNG STING VIỆT QUẤT – DÁM NGHĨ DÁM LÀM,Sting World Vietnam,2025-04-09T02:18:40Z,8609081,8985,47,@huyentrangamthi3172,Cái gì cũng dám làm,0,2025-04-10T13:24:40Z,cái gì cũng dám làm,neutral,0.0,2025-04-10 13:24:40+00:00,2025-04-10 00:00:00+00:00,2025-04-10 13:24:40+00:00
Sting,YiYoc-japsU,NĂNG LƯỢNG STING VIỆT QUẤT – DÁM NGHĨ DÁM LÀM,Sting World Vietnam,2025-04-09T02:18:40Z,8609081,8985,47,@MinhtuyềnPhạm-b1l,Chời ơi điện ảnh dữ dội,2,2025-04-10T13:17:57Z,chời ơi điện ảnh dữ dội,positive,0.0,2025-04-10 13:17:57+00:00,2025-04-10 00:00:00+00:00,2025-04-10 13:17:57+00:00
Sting,YiYoc-japsU,NĂNG LƯỢNG STING VIỆT QUẤT – DÁM NGHĨ DÁM LÀM,Sting World Vietnam,2025-04-09T02:18:40Z,8609081,8985,47,@nguyenminhquang1725,HTH,1,2025-04-10T06:50:51Z,hth,neutral,0.0,2025-04-10 06:50:51+00:00,2025-04-10 00:00:00+00:00,2025-04-10 06:50:51+00:00
Sting,YiYoc-japsU,NĂNG LƯỢNG STING VIỆT QUẤT – DÁM NGHĨ DÁM LÀM,Sting World Vietnam,2025-04-09T02:18:40Z,8609081,8985,47,@VănPhúcVõ-f8b,CÙNG STING CÚ HÍCH VIỆT QUẤT MỚI DÁM NGHĨ DÁM LÀM!,1,2025-04-09T06:54:26Z,cùng sting cú hích việt quất mới dám nghĩ dám làm,positive,0.0,2025-04-09 06:54:26+00:00,2025-04-09 00:00:00+00:00,2025-04-09 06:54:26+00:00
Sting,2E7CXVekh8o,NĂNG LƯỢNG STING VIỆT QUẤT – DÁM NGHĨ DÁM LÀM (15s),Sting World Vietnam,2025-04-14T10:02:30Z,15932118,12582,16,@02.nguyenbaduyanh41,đi nét  toàn nốc sting,0,2025-11-08T14:41:56Z,đi nét toàn nốc sting,positive,0.0,2025-11-08 14:41:56+00:00,2025-11-08 00:00:00+00:00,2025-11-08 14:41:56+00:00
Sting,2E7CXVekh8o,NĂNG LƯỢNG STING VIỆT QUẤT – DÁM NGHĨ DÁM LÀM (15s),Sting World Vietnam,2025-04-14T10:02:30Z,15932118,12582,16,@huuduy2823,đỉnh,0,2025-11-08T14:22:11Z,đỉnh,positive,0.0,2025-11-08 14:22:11+00:00,2025-11-08 00:00:00+00:00,2025-11-08 14:22:11+00:00
Sting,2E7CXVekh8o,NĂNG LƯỢNG STING VIỆT QUẤT – DÁM NGHĨ DÁM LÀM (15s),Sting World Vietnam,2025-04-14T10:02:30Z,15932118,12582,16,@huuduy2823,ủng hộ,0,2025-11-08T14:20:52Z,ủng hộ,positive,0.0,2025-11-08 14:20:52+00:00,2025-11-08 00:00:00+00:00,2025-11-08 14:20:52+00:00
Sting,2E7CXVekh8o,NĂNG LƯỢNG STING VIỆT QUẤT – DÁM NGHĨ DÁM LÀM (15s),Sting World Vietnam,2025-04-14T10:02:30Z,15932118,12582,16,@huuduy2823,ngon,0,2025-11-08T14:20:46Z,ngon,positive,0.0,2025-11-08 14:20:46+00:00,2025-11-08 00:00:00+00:00,2025-11-08 14:20:46+00:00
Sting,2E7CXVekh8o,NĂNG LƯỢNG STING VIỆT QUẤT – DÁM NGHĨ DÁM LÀM (15s),Sting World Vietnam,2025-04-14T10:02:30Z,15932118,12582,16,@huuduy2823,dâu,0,2025-11-08T14:20:26Z,dâu,neutral,0.0,2025-11-08 14:20:26+00:00,2025-11-08 00:00:00+00:00,2025-11-08 14:20:26+00:00
Sting,2E7CXVekh8o,NĂNG LƯỢNG STING VIỆT QUẤT – DÁM NGHĨ DÁM LÀM (15s),Sting World Vietnam,2025-04-14T10:02:30Z,15932118,12582,16,@huuduy2823,thử ngay vị việt quất cực cuốn để bật tinh thần Dám Nghĩ Dám Làm như HIEUTHUHAI! 😎,0,2025-11-08T14:18:49Z,thử ngay vị việt quất cực cuốn để bật tinh thần dám nghĩ dám làm như hieuthuhai,positive,0.0,2025-11-08 14:18:49+00:00,2025-11-08 00:00:00+00:00,2025-11-08 14:18:49+00:00
Sting,2E7CXVekh8o,NĂNG LƯỢNG STING VIỆT QUẤT – DÁM NGHĨ DÁM LÀM (15s),Sting World Vietnam,2025-04-14T10:02:30Z,15932118,12582,16,@huuduy2823,#Sting #StingCuHichVietQuat #StingDamNghiDamLam,0,2025-11-08T14:18:35Z,sting stingcuhichvietquat stingdamnghidamlam,neutral,0.0,2025-11-08 14:18:35+00:00,2025-11-08 00:00:00+00:00,2025-11-08 14:18:35+00:00
Sting,2E7CXVekh8o,NĂNG LƯỢNG STING VIỆT QUẤT – DÁM NGHĨ DÁM LÀM (15s),Sting World Vietnam,2025-04-14T10:02:30Z,15932118,12582,16,@huuduy2823,"nguồn năng lượng táo bạo, vượt khuôn mọi giới hạn. ⚡",0,2025-11-08T14:18:27Z,nguồn năng lượng táo bạo vượt khuôn mọi giới hạn,positive,0.0,2025-11-08 14:18:27+00:00,2025-11-08 00:00:00+00:00,2025-11-08 14:18:27+00:00
Sting,2E7CXVekh8o,NĂNG LƯỢNG STING VIỆT QUẤT – DÁM NGHĨ DÁM LÀM (15s),Sting World Vietnam,2025-04-14T10:02:30Z,15932118,12582,16,@huuduy2823,thỉnh thoảng uống cũng ngon,0,2025-11-08T14:18:11Z,thỉnh thoảng uống cũng ngon,positive,0.0,2025-11-08 14:18:11+00:00,2025-11-08 00:00:00+00:00,2025-11-08 14:18:11+00:00
Sting,2E7CXVekh8o,NĂNG LƯỢNG STING VIỆT QUẤT – DÁM NGHĨ DÁM LÀM (15s),Sting World Vietnam,2025-04-14T10:02:30Z,15932118,12582,16,@huuduy2823,saygex,0,2025-11-08T14:18:00Z,saygex,neutral,0.0,2025-11-08 14:18:00+00:00,2025-11-08 00:00:00+00:00,2025-11-08 14:18:00+00:00
Sting,2E7CXVekh8o,NĂNG LƯỢNG STING VIỆT QUẤT – DÁM NGHĨ DÁM LÀM (15s),Sting World Vietnam,2025-04-14T10:02:30Z,15932118,12582,16,@huuduy2823,toi bị ép ❤hieuthuhai,0,2025-11-08T14:17:45Z,toi bị ép ❤hieuthuhai,negative,0.0,2025-11-08 14:17:45+00:00,2025-11-08 00:00:00+00:00,2025-11-08 14:17:45+00:00
Sting,2E7CXVekh8o,NĂNG LƯỢNG STING VIỆT QUẤT – DÁM NGHĨ DÁM LÀM (15s),Sting World Vietnam,2025-04-14T10:02:30Z,15932118,12582,16,@LanLuong-r2f,Đỉnh đỉnh,3,2025-06-06T16:07:31Z,đỉnh đỉnh,positive,0.0,2025-06-06 16:07:31+00:00,2025-06-06 00:00:00+00:00,2025-06-06 16:07:31+00:00
Sting,2E7CXVekh8o,NĂNG LƯỢNG STING VIỆT QUẤT – DÁM NGHĨ DÁM LÀM (15s),Sting World Vietnam,2025-04-14T10:02:30Z,15932118,12582,16,@HiPhan-v3m,Tuyệt vời sting. Hieuthuhai,1,2025-05-01T09:21:55Z,tuyệt vời sting hieuthuhai,positive,0.0,2025-05-01 09:21:55+00:00,2025-05-01 00:00:00+00:00,2025-05-01 09:21:55+00:00
Sting,2E7CXVekh8o,NĂNG LƯỢNG STING VIỆT QUẤT – DÁM NGHĨ DÁM LÀM (15s),Sting World Vietnam,2025-04-14T10:02:30Z,15932118,12582,16,@thanhthuynguyenthi8750,Tuyệt vời HIEUTHUHAI cùng sting,11,2025-04-23T04:02:45Z,tuyệt vời hieuthuhai cùng sting,positive,0.0001,2025-04-23 04:02:45+00:00,2025-04-23 00:00:00+00:00,2025-04-23 04:02:45+00:00
Sting,2E7CXVekh8o,NĂNG LƯỢNG STING VIỆT QUẤT – DÁM NGHĨ DÁM LÀM (15s),Sting World Vietnam,2025-04-14T10:02:30Z,15932118,12582,16,@nguyenminhquang1725,Tuyệt vời,6,2025-04-20T11:55:39Z,tuyệt vời,positive,0.0,2025-04-20 11:55:39+00:00,2025-04-20 00:00:00+00:00,2025-04-20 11:55:39+00:00
Sting,2E7CXVekh8o,NĂNG LƯỢNG STING VIỆT QUẤT – DÁM NGHĨ DÁM LÀM (15s),Sting World Vietnam,2025-04-14T10:02:30Z,15932118,12582,16,@xuanmy3155,"Tuyêt vời,dám nghĩ dám làm #hieuthuhai❤",11,2025-04-17T06:35:14Z,tuyêt vờidám nghĩ dám làm hieuthuhai❤,neutral,0.0001,2025-04-17 06:35:14+00:00,2025-04-17 00:00:00+00:00,2025-04-17 06:35:14+00:00
Sting,MKBJkJN3F6E,MỚI! STING CHAI LỚN 500ML,Sting World Vietnam,2025-04-18T08:13:46Z,4137824,2705,26,@02.nguyenbaduyanh41,"Uống chai nhỏ chưa đủ tỉnh, Sting cho chai bự luôn",0,2025-11-08T14:42:38Z,uống chai nhỏ chưa đủ tỉnh sting cho chai bự luôn,neutral,0.0,2025-11-08 14:42:38+00:00,2025-11-08 00:00:00+00:00,2025-11-08 14:42:38+00:00
Sting,MKBJkJN3F6E,MỚI! STING CHAI LỚN 500ML,Sting World Vietnam,2025-04-18T08:13:46Z,4137824,2705,26,@huuduy2823,Ngonnnnnn,0,2025-11-08T14:25:09Z,ngonnnnnn,neutral,0.0,2025-11-08 14:25:09+00:00,2025-11-08 00:00:00+00:00,2025-11-08 14:25:09+00:00
Sting,MKBJkJN3F6E,MỚI! STING CHAI LỚN 500ML,Sting World Vietnam,2025-04-18T08:13:46Z,4137824,2705,26,@huuduy2823,Sting vàng ngon hơn,0,2025-11-08T14:25:03Z,sting vàng ngon hơn,positive,0.0,2025-11-08 14:25:03+00:00,2025-11-08 00:00:00+00:00,2025-11-08 14:25:03+00:00
Sting,MKBJkJN3F6E,MỚI! STING CHAI LỚN 500ML,Sting World Vietnam,2025-04-18T08:13:46Z,4137824,2705,26,@huuduy2823,"tăng size, tăng lực, bung sức bứt phá",0,2025-11-08T14:24:38Z,tăng size tăng lực bung sức bứt phá,positive,0.0,2025-11-08 14:24:38+00:00,2025-11-08 00:00:00+00:00,2025-11-08 14:24:38+00:00
Sting,MKBJkJN3F6E,MỚI! STING CHAI LỚN 500ML,Sting World Vietnam,2025-04-18T08:13:46Z,4137824,2705,26,@huuduy2823,500ml luon to z má,0,2025-11-08T14:24:21Z,500ml luon to z má,neutral,0.0,2025-11-08 14:24:21+00:00,2025-11-08 00:00:00+00:00,2025-11-08 14:24:21+00:00
Sting,MKBJkJN3F6E,MỚI! STING CHAI LỚN 500ML,Sting World Vietnam,2025-04-18T08:13:46Z,4137824,2705,26,@huuduy2823,đếm được đếm được,0,2025-11-08T14:24:10Z,đếm được đếm được,neutral,0.0,2025-11-08 14:24:10+00:00,2025-11-08 00:00:00+00:00,2025-11-08 14:24:10+00:00
Sting,MKBJkJN3F6E,MỚI! STING CHAI LỚN 500ML,Sting World Vietnam,2025-04-18T08:13:46Z,4137824,2705,26,@huuduy2823,mua được bao nhiêu căn nhà,0,2025-11-08T14:24:02Z,mua được bao nhiêu căn nhà,neutral,0.0,2025-11-08 14:24:02+00:00,2025-11-08 00:00:00+00:00,2025-11-08 14:24:02+00:00
Sting,MKBJkJN3F6E,MỚI! STING CHAI LỚN 500ML,Sting World Vietnam,2025-04-18T08:13:46Z,4137824,2705,26,@ThanhTamGsm-wz8je,2 chai,0,2025-08-10T13:20:19Z,2 chai,neutral,0.0,2025-08-10 13:20:19+00:00,2025-08-10 00:00:00+00:00,2025-08-10 13:20:19+00:00
Sting,MKBJkJN3F6E,MỚI! STING CHAI LỚN 500ML,Sting World Vietnam,2025-04-18T08:13:46Z,4137824,2705,26,@angnguễnangnguễn,vậy thì bắn phi phai quá đã,0,2025-07-07T16:33:41Z,vậy thì bắn phi phai quá đã,positive,0.0,2025-07-07 16:33:41+00:00,2025-07-07 00:00:00+00:00,2025-07-07 16:33:41+00:00
Sting,MKBJkJN3F6E,MỚI! STING CHAI LỚN 500ML,Sting World Vietnam,2025-04-18T08:13:46Z,4137824,2705,26,@thangnguyenquy5101,tài lộc quá lớn,0,2025-06-30T07:04:54Z,tài lộc quá lớn,positive,0.0,2025-06-30 07:04:54+00:00,2025-06-30 00:00:00+00:00,2025-06-30 07:04:54+00:00
Sting,MKBJkJN3F6E,MỚI! STING CHAI LỚN 500ML,Sting World Vietnam,2025-04-18T08:13:46Z,4137824,2705,26,@sutieuthu2744,Quảng cáo cho hàng hoá không tốt cho sức khoẻ .,1,2025-06-15T09:27:07Z,quảng cáo cho hàng hoá không tốt cho sức khoẻ,negative,0.0,2025-06-15 09:27:07+00:00,2025-06-15 00:00:00+00:00,2025-06-15 09:27:07+00:00
Sting,MKBJkJN3F6E,MỚI! STING CHAI LỚN 500ML,Sting World Vietnam,2025-04-18T08:13:46Z,4137824,2705,26,@비_가차녹스육팔팔,Quảng cáo còn có Ido của giới trẻ nữa,0,2025-06-11T07:28:58Z,quảng cáo còn có ido của giới trẻ nữa,negative,0.0,2025-06-11 07:28:58+00:00,2025-06-11 00:00:00+00:00,2025-06-11 07:28:58+00:00
Sting,MKBJkJN3F6E,MỚI! STING CHAI LỚN 500ML,Sting World Vietnam,2025-04-18T08:13:46Z,4137824,2705,26,@비_가차녹스육팔팔,Quảng,0,2025-06-11T07:28:23Z,quảng,neutral,0.0,2025-06-11 07:28:23+00:00,2025-06-11 00:00:00+00:00,2025-06-11 07:28:23+00:00
Sting,MKBJkJN3F6E,MỚI! STING CHAI LỚN 500ML,Sting World Vietnam,2025-04-18T08:13:46Z,4137824,2705,26,@anhvunguyenthe7675,Thông báo còn 3 tháng nữa quảng cáo nước ngọt sẽ không quay trở lại nữa xin cảm ơn,0,2025-06-10T07:45:57Z,thông báo còn 3 tháng nữa quảng cáo nước ngọt sẽ không quay trở lại nữa xin cảm ơn,negative,0.0,2025-06-10 07:45:57+00:00,2025-06-10 00:00:00+00:00,2025-06-10 07:45:57+00:00
Sting,MKBJkJN3F6E,MỚI! STING CHAI LỚN 500ML,Sting World Vietnam,2025-04-18T08:13:46Z,4137824,2705,26,@hongqueduong5136,"Tài lộc quá lớn
Tài tài tài tài
Tài lộc quá lớn anh thua
Nên anh chịu ngục tù
Tẩm cướp đi tuổi thanh xuân 🗣🔥🔥",0,2025-05-20T12:19:57Z,tài lộc quá lớn tài tài tài tài tài lộc quá lớn anh thua nên anh chịu ngục tù tẩm cướp đi tuổi thanh xuân 🔥🔥,negative,0.0,2025-05-20 12:19:57+00:00,2025-05-20 00:00:00+00:00,2025-05-20 12:19:57+00:00
Sting,MKBJkJN3F6E,MỚI! STING CHAI LỚN 500ML,Sting World Vietnam,2025-04-18T08:13:46Z,4137824,2705,26,@kdkj15,Uống rồi rình ai tắm,0,2025-05-16T17:46:31Z,uống rồi rình ai tắm,negative,0.0,2025-05-16 17:46:31+00:00,2025-05-16 00:00:00+00:00,2025-05-16 17:46:31+00:00
Sting,MKBJkJN3F6E,MỚI! STING CHAI LỚN 500ML,Sting World Vietnam,2025-04-18T08:13:46Z,4137824,2705,26,@molziyLily-y9t7jecristian,Thich nè nuoc uong con bò cap. Màu đo~  may dua bat nhân bât nggia nat bãn măṭ nat xat thân,0,2025-05-13T05:05:38Z,thich nè nuoc uong con bò cap màu đo may dua bat nhân bât nggia nat bãn măṭ nat xat thân,negative,0.0,2025-05-13 05:05:38+00:00,2025-05-13 00:00:00+00:00,2025-05-13 05:05:38+00:00
Sting,MKBJkJN3F6E,MỚI! STING CHAI LỚN 500ML,Sting World Vietnam,2025-04-18T08:13:46Z,4137824,2705,26,@UyenmiLe,Có #HIEUTHUHAI nên mua Sting ngay nào,0,2025-05-06T15:15:47Z,có hieuthuhai nên mua sting ngay nào,neutral,0.0,2025-05-06 15:15:47+00:00,2025-05-06 00:00:00+00:00,2025-05-06 15:15:47+00:00
Sting,MKBJkJN3F6E,MỚI! STING CHAI LỚN 500ML,Sting World Vietnam,2025-04-18T08:13:46Z,4137824,2705,26,@TúHoàng-e8m,Ủng hộ sting. Ủng hộ HIEUTHUHAI,0,2025-05-02T22:53:48Z,ủng hộ sting ủng hộ hieuthuhai,positive,0.0,2025-05-02 22:53:48+00:00,2025-05-02 00:00:00+00:00,2025-05-02 22:53:48+00:00
Sting,MKBJkJN3F6E,MỚI! STING CHAI LỚN 500ML,Sting World Vietnam,2025-04-18T08:13:46Z,4137824,2705,26,@TâmNguyễn-u5e4v,Chai cỡ này tui uống hai ngày mới hết quá,0,2025-05-01T09:35:19Z,chai cỡ này tui uống hai ngày mới hết quá,neutral,0.0,2025-05-01 09:35:19+00:00,2025-05-01 00:00:00+00:00,2025-05-01 09:35:19+00:00
Sting,MKBJkJN3F6E,MỚI! STING CHAI LỚN 500ML,Sting World Vietnam,2025-04-18T08:13:46Z,4137824,2705,26,@thompham6982,Chai lớn uống mới đã HIEUTHUHAI thì đẹp,1,2025-05-01T09:31:08Z,chai lớn uống mới đã hieuthuhai thì đẹp,positive,0.0,2025-05-01 09:31:08+00:00,2025-05-01 00:00:00+00:00,2025-05-01 09:31:08+00:00
Sting,MKBJkJN3F6E,MỚI! STING CHAI LỚN 500ML,Sting World Vietnam,2025-04-18T08:13:46Z,4137824,2705,26,@HiPhan-v3m,Chai lớn thỏa đam mê sting nha,0,2025-05-01T09:21:20Z,chai lớn thỏa đam mê sting nha,positive,0.0,2025-05-01 09:21:20+00:00,2025-05-01 00:00:00+00:00,2025-05-01 09:21:20+00:00
Sting,MKBJkJN3F6E,MỚI! STING CHAI LỚN 500ML,Sting World Vietnam,2025-04-18T08:13:46Z,4137824,2705,26,@HuongNgoc-hz3vc,Em yêu anh,6,2025-04-28T08:56:18Z,em yêu anh,positive,0.0001,2025-04-28 08:56:18+00:00,2025-04-28 00:00:00+00:00,2025-04-28 08:56:18+00:00
Sting,MKBJkJN3F6E,MỚI! STING CHAI LỚN 500ML,Sting World Vietnam,2025-04-18T08:13:46Z,4137824,2705,26,@NhanNguyen-g8c,Uống đi rồi chết.,0,2025-04-27T05:16:53Z,uống đi rồi chết,neutral,0.0,2025-04-27 05:16:53+00:00,2025-04-27 00:00:00+00:00,2025-04-27 05:16:53+00:00
Sting,MKBJkJN3F6E,MỚI! STING CHAI LỚN 500ML,Sting World Vietnam,2025-04-18T08:13:46Z,4137824,2705,26,@LộcNguyễn-r8g,"Die❎
not die✅",0,2025-04-24T12:16:02Z,die not die,neutral,0.0,2025-04-24 12:16:02+00:00,2025-04-24 00:00:00+00:00,2025-04-24 12:16:02+00:00
Sting,MKBJkJN3F6E,MỚI! STING CHAI LỚN 500ML,Sting World Vietnam,2025-04-18T08:13:46Z,4137824,2705,26,@Minhvuong75489,Sting ơi! Sản xuất sting tím vị nho đi,5,2025-04-20T14:41:15Z,sting ơi sản xuất sting tím vị nho đi,neutral,0.0001,2025-04-20 14:41:15+00:00,2025-04-20 00:00:00+00:00,2025-04-20 14:41:15+00:00
Sting,LGYHRfPobW8,STING - NƯỚC UỐNG TĂNG LỰC CHÍNH THỨC CỦA GIẢI ĐUA F1 THẾ GIỚI,Sting World Vietnam,2025-06-27T11:58:22Z,1925141,1235,11,@02.nguyenbaduyanh41,uống ngon vcl,0,2025-11-08T14:43:30Z,uống ngon vcl,positive,0.0,2025-11-08 14:43:30+00:00,2025-11-08 00:00:00+00:00,2025-11-08 14:43:30+00:00
Sting,LGYHRfPobW8,STING - NƯỚC UỐNG TĂNG LỰC CHÍNH THỨC CỦA GIẢI ĐUA F1 THẾ GIỚI,Sting World Vietnam,2025-06-27T11:58:22Z,1925141,1235,11,@huuduy2823,đỉnh,0,2025-11-08T14:26:31Z,đỉnh,positive,0.0,2025-11-08 14:26:31+00:00,2025-11-08 00:00:00+00:00,2025-11-08 14:26:31+00:00
Sting,LGYHRfPobW8,STING - NƯỚC UỐNG TĂNG LỰC CHÍNH THỨC CỦA GIẢI ĐUA F1 THẾ GIỚI,Sting World Vietnam,2025-06-27T11:58:22Z,1925141,1235,11,@huuduy2823,đỉnhhh,0,2025-11-08T14:26:27Z,đỉnhhh,neutral,0.0,2025-11-08 14:26:27+00:00,2025-11-08 00:00:00+00:00,2025-11-08 14:26:27+00:00
Sting,LGYHRfPobW8,STING - NƯỚC UỐNG TĂNG LỰC CHÍNH THỨC CỦA GIẢI ĐUA F1 THẾ GIỚI,Sting World Vietnam,2025-06-27T11:58:22Z,1925141,1235,11,@huuduy2823,Quảng cáo đỉnh,0,2025-11-08T14:26:20Z,quảng cáo đỉnh,neutral,0.0,2025-11-08 14:26:20+00:00,2025-11-08 00:00:00+00:00,2025-11-08 14:26:20+00:00
Sting,LGYHRfPobW8,STING - NƯỚC UỐNG TĂNG LỰC CHÍNH THỨC CỦA GIẢI ĐUA F1 THẾ GIỚI,Sting World Vietnam,2025-06-27T11:58:22Z,1925141,1235,11,@huuduy2823,Sting và F1,0,2025-11-08T14:26:10Z,sting và f1,neutral,0.0,2025-11-08 14:26:10+00:00,2025-11-08 00:00:00+00:00,2025-11-08 14:26:10+00:00
Sting,LGYHRfPobW8,STING - NƯỚC UỐNG TĂNG LỰC CHÍNH THỨC CỦA GIẢI ĐUA F1 THẾ GIỚI,Sting World Vietnam,2025-06-27T11:58:22Z,1925141,1235,11,@huuduy2823,#F1SoundsLikeSting #StingInF1 #Sting #F1,0,2025-11-08T14:26:03Z,f1soundslikesting stinginf1 sting f1,neutral,0.0,2025-11-08 14:26:03+00:00,2025-11-08 00:00:00+00:00,2025-11-08 14:26:03+00:00
Sting,LGYHRfPobW8,STING - NƯỚC UỐNG TĂNG LỰC CHÍNH THỨC CỦA GIẢI ĐUA F1 THẾ GIỚI,Sting World Vietnam,2025-06-27T11:58:22Z,1925141,1235,11,@huuduy2823,STINGGGGGGGG,0,2025-11-08T14:25:53Z,stingggggggg,neutral,0.0,2025-11-08 14:25:53+00:00,2025-11-08 00:00:00+00:00,2025-11-08 14:25:53+00:00
Sting,LGYHRfPobW8,STING - NƯỚC UỐNG TĂNG LỰC CHÍNH THỨC CỦA GIẢI ĐUA F1 THẾ GIỚI,Sting World Vietnam,2025-06-27T11:58:22Z,1925141,1235,11,@HoeungDychanna,Sting Berry Blass Sting Gold Rush F1| Sting 2026 Cambodia Khmer 🇰🇭,0,2025-08-06T05:02:58Z,sting berry blass sting gold rush f1 sting 2026 cambodia khmer,neutral,0.0,2025-08-06 05:02:58+00:00,2025-08-06 00:00:00+00:00,2025-08-06 05:02:58+00:00
Sting,LGYHRfPobW8,STING - NƯỚC UỐNG TĂNG LỰC CHÍNH THỨC CỦA GIẢI ĐUA F1 THẾ GIỚI,Sting World Vietnam,2025-06-27T11:58:22Z,1925141,1235,11,@HoeungDychanna,STING BERRY BLASS STING GOLD RUSH F1 | STING 2026 CAMBODIA KHMER 🇰🇭,0,2025-08-06T05:01:19Z,sting berry blass sting gold rush f1 sting 2026 cambodia khmer,neutral,0.0,2025-08-06 05:01:19+00:00,2025-08-06 00:00:00+00:00,2025-08-06 05:01:19+00:00
Sting,LGYHRfPobW8,STING - NƯỚC UỐNG TĂNG LỰC CHÍNH THỨC CỦA GIẢI ĐUA F1 THẾ GIỚI,Sting World Vietnam,2025-06-27T11:58:22Z,1925141,1235,11,@GiaBaoLuu-cm1vd,"STINGGGGGG! Dám nghĩ dám làm!!
Nước tăng lực chính thức của giải đua F1👊",1,2025-07-15T00:45:08Z,stingggggg dám nghĩ dám làm nước tăng lực chính thức của giải đua f1,positive,0.0001,2025-07-15 00:45:08+00:00,2025-07-15 00:00:00+00:00,2025-07-15 00:45:08+00:00
Sting,LGYHRfPobW8,STING - NƯỚC UỐNG TĂNG LỰC CHÍNH THỨC CỦA GIẢI ĐUA F1 THẾ GIỚI,Sting World Vietnam,2025-06-27T11:58:22Z,1925141,1235,11,@nguyenkhacuc3872,@stingworld,1,2025-06-27T15:10:52Z,mention,neutral,0.0001,2025-06-27 15:10:52+00:00,2025-06-27 00:00:00+00:00,2025-06-27 15:10:52+00:00
Sting,vEQxPq0DaOY,NĂNG LƯỢNG STING VÀNG - DÁM NGHĨ DÁM LÀM,Sting World Vietnam,2025-07-24T09:51:16Z,609609,23,4,@02.nguyenbaduyanh41,bạn dám chơi sting dám chi,0,2025-11-08T14:43:52Z,bạn dám chơi sting dám chi,neutral,0.0,2025-11-08 14:43:52+00:00,2025-11-08 00:00:00+00:00,2025-11-08 14:43:52+00:00
Sting,vEQxPq0DaOY,NĂNG LƯỢNG STING VÀNG - DÁM NGHĨ DÁM LÀM,Sting World Vietnam,2025-07-24T09:51:16Z,609609,23,4,@vunga5704,😂😂😂😂😂,1,2025-09-24T15:12:39Z,😂😂😂😂😂,neutral,0.0002,2025-09-24 15:12:39+00:00,2025-09-24 00:00:00+00:00,2025-09-24 15:12:39+00:00
Sting,vEQxPq0DaOY,NĂNG LƯỢNG STING VÀNG - DÁM NGHĨ DÁM LÀM,Sting World Vietnam,2025-07-24T09:51:16Z,609609,23,4,@LâuĐỗ-g5q,😂😂😂,2,2025-07-27T03:07:07Z,😂😂😂,neutral,0.0003,2025-07-27 03:07:07+00:00,2025-07-27 00:00:00+00:00,2025-07-27 03:07:07+00:00
Sting,vEQxPq0DaOY,NĂNG LƯỢNG STING VÀNG - DÁM NGHĨ DÁM LÀM,Sting World Vietnam,2025-07-24T09:51:16Z,609609,23,4,@GiaBaoLuu-cm1vd,Đấm bốc 👊,1,2025-07-26T10:57:34Z,đấm bốc,neutral,0.0002,2025-07-26 10:57:34+00:00,2025-07-26 00:00:00+00:00,2025-07-26 10:57:34+00:00
Sting,cqorGRxnq8Y,NĂNG LƯỢNG STING VÀNG - DÁM NGHĨ DÁM LÀM,Sting World Vietnam,2025-07-25T07:22:20Z,10061635,22,9,@02.nguyenbaduyanh41,đỉnh luôn,0,2025-11-08T14:44:51Z,đỉnh luôn,positive,0.0,2025-11-08 14:44:51+00:00,2025-11-08 00:00:00+00:00,2025-11-08 14:44:51+00:00
Sting,cqorGRxnq8Y,NĂNG LƯỢNG STING VÀNG - DÁM NGHĨ DÁM LÀM,Sting World Vietnam,2025-07-25T07:22:20Z,10061635,22,9,@ThanhLoChiTon,uống ngon nha,0,2025-11-08T14:43:51Z,uống ngon nha,positive,0.0,2025-11-08 14:43:51+00:00,2025-11-08 00:00:00+00:00,2025-11-08 14:43:51+00:00
Sting,cqorGRxnq8Y,NĂNG LƯỢNG STING VÀNG - DÁM NGHĨ DÁM LÀM,Sting World Vietnam,2025-07-25T07:22:20Z,10061635,22,9,@ThanhLoChiTon,like like like,0,2025-11-08T14:43:34Z,like like like,positive,0.0,2025-11-08 14:43:34+00:00,2025-11-08 00:00:00+00:00,2025-11-08 14:43:34+00:00
Sting,cqorGRxnq8Y,NĂNG LƯỢNG STING VÀNG - DÁM NGHĨ DÁM LÀM,Sting World Vietnam,2025-07-25T07:22:20Z,10061635,22,9,@ThanhLoChiTon,Sting World Vietnam,0,2025-11-08T14:43:08Z,sting world vietnam,neutral,0.0,2025-11-08 14:43:08+00:00,2025-11-08 00:00:00+00:00,2025-11-08 14:43:08+00:00
Sting,cqorGRxnq8Y,NĂNG LƯỢNG STING VÀNG - DÁM NGHĨ DÁM LÀM,Sting World Vietnam,2025-07-25T07:22:20Z,10061635,22,9,@ThanhLoChiTon,hieuthuhai!@#,0,2025-11-08T14:42:38Z,hieuthuhai,neutral,0.0,2025-11-08 14:42:38+00:00,2025-11-08 00:00:00+00:00,2025-11-08 14:42:38+00:00
Sting,cqorGRxnq8Y,NĂNG LƯỢNG STING VÀNG - DÁM NGHĨ DÁM LÀM,Sting World Vietnam,2025-07-25T07:22:20Z,10061635,22,9,@ThanhLoChiTon,nạp năng lượng,0,2025-11-08T14:42:25Z,nạp năng lượng,positive,0.0,2025-11-08 14:42:25+00:00,2025-11-08 00:00:00+00:00,2025-11-08 14:42:25+00:00
Sting,cqorGRxnq8Y,NĂNG LƯỢNG STING VÀNG - DÁM NGHĨ DÁM LÀM,Sting World Vietnam,2025-07-25T07:22:20Z,10061635,22,9,@ThanhLoChiTon,Nạp sting,0,2025-11-08T14:41:59Z,nạp sting,neutral,0.0,2025-11-08 14:41:59+00:00,2025-11-08 00:00:00+00:00,2025-11-08 14:41:59+00:00
Sting,cqorGRxnq8Y,NĂNG LƯỢNG STING VÀNG - DÁM NGHĨ DÁM LÀM,Sting World Vietnam,2025-07-25T07:22:20Z,10061635,22,9,@ThanhLoChiTon,Sting vàng đỏ,0,2025-11-08T14:41:39Z,sting vàng đỏ,neutral,0.0,2025-11-08 14:41:39+00:00,2025-11-08 00:00:00+00:00,2025-11-08 14:41:39+00:00
Sting,cqorGRxnq8Y,NĂNG LƯỢNG STING VÀNG - DÁM NGHĨ DÁM LÀM,Sting World Vietnam,2025-07-25T07:22:20Z,10061635,22,9,@khunglongSpam,Ơ,0,2025-08-07T02:32:14Z,ơ,neutral,0.0,2025-08-07 02:32:14+00:00,2025-08-07 00:00:00+00:00,2025-08-07 02:32:14+00:00
Sting,U_C6BBappc8,SIÊU PHẨM STING THẾ HỆ MỚI ĐỔ BỘ - CƠN LỐC NĂNG LƯỢNG DÁM NGHĨ DÁM LÀM 30s,Sting World Vietnam,2025-09-16T12:00:32Z,13575528,247,23,@ThanhLoChiTon,năng lượng bùng nổ,0,2025-11-08T14:45:49Z,năng lượng bùng nổ,positive,0.0,2025-11-08 14:45:49+00:00,2025-11-08 00:00:00+00:00,2025-11-08 14:45:49+00:00
Sting,U_C6BBappc8,SIÊU PHẨM STING THẾ HỆ MỚI ĐỔ BỘ - CƠN LỐC NĂNG LƯỢNG DÁM NGHĨ DÁM LÀM 30s,Sting World Vietnam,2025-09-16T12:00:32Z,13575528,247,23,@ThanhLoChiTon,giải khát,0,2025-11-08T14:45:43Z,giải khát,neutral,0.0,2025-11-08 14:45:43+00:00,2025-11-08 00:00:00+00:00,2025-11-08 14:45:43+00:00
Sting,U_C6BBappc8,SIÊU PHẨM STING THẾ HỆ MỚI ĐỔ BỘ - CƠN LỐC NĂNG LƯỢNG DÁM NGHĨ DÁM LÀM 30s,Sting World Vietnam,2025-09-16T12:00:32Z,13575528,247,23,@ThanhLoChiTon,uống đã,0,2025-11-08T14:45:33Z,uống đã,positive,0.0,2025-11-08 14:45:33+00:00,2025-11-08 00:00:00+00:00,2025-11-08 14:45:33+00:00
Sting,U_C6BBappc8,SIÊU PHẨM STING THẾ HỆ MỚI ĐỔ BỘ - CƠN LỐC NĂNG LƯỢNG DÁM NGHĨ DÁM LÀM 30s,Sting World Vietnam,2025-09-16T12:00:32Z,13575528,247,23,@ThanhLoChiTon,"HIEUTHUHAI nạp Sting Thế Hệ Mới và tạo ra cơn lốc năng lượng bùng nổ, đây là lúc để hội Dám Nghĩ Dám Làm sẵn sàng vào việc & chiến ngay!",0,2025-11-08T14:45:20Z,hieuthuhai nạp sting thế hệ mới và tạo ra cơn lốc năng lượng bùng nổ đây là lúc để hội dám nghĩ dám làm sẵn sàng vào việc chiến ngay,positive,0.0,2025-11-08 14:45:20+00:00,2025-11-08 00:00:00+00:00,2025-11-08 14:45:20+00:00
Sting,U_C6BBappc8,SIÊU PHẨM STING THẾ HỆ MỚI ĐỔ BỘ - CƠN LỐC NĂNG LƯỢNG DÁM NGHĨ DÁM LÀM 30s,Sting World Vietnam,2025-09-16T12:00:32Z,13575528,247,23,@02.nguyenbaduyanh41,sting vị ngon mãi đỉnh 8386,0,2025-11-08T14:45:06Z,sting vị ngon mãi đỉnh 8386,positive,0.0,2025-11-08 14:45:06+00:00,2025-11-08 00:00:00+00:00,2025-11-08 14:45:06+00:00
Sting,U_C6BBappc8,SIÊU PHẨM STING THẾ HỆ MỚI ĐỔ BỘ - CƠN LỐC NĂNG LƯỢNG DÁM NGHĨ DÁM LÀM 30s,Sting World Vietnam,2025-09-16T12:00:32Z,13575528,247,23,@ThanhLoChiTon,Tuyệt vời Sting ơi,0,2025-11-08T14:45:04Z,tuyệt vời sting ơi,positive,0.0,2025-11-08 14:45:04+00:00,2025-11-08 00:00:00+00:00,2025-11-08 14:45:04+00:00
Sting,U_C6BBappc8,SIÊU PHẨM STING THẾ HỆ MỚI ĐỔ BỘ - CƠN LỐC NĂNG LƯỢNG DÁM NGHĨ DÁM LÀM 30s,Sting World Vietnam,2025-09-16T12:00:32Z,13575528,247,23,@ThanhLoChiTon,Sting thế hệ mới dám nghĩ dám làm cùng hieuthuhai,0,2025-11-08T14:44:44Z,sting thế hệ mới dám nghĩ dám làm cùng hieuthuhai,positive,0.0,2025-11-08 14:44:44+00:00,2025-11-08 00:00:00+00:00,2025-11-08 14:44:44+00:00
Sting,U_C6BBappc8,SIÊU PHẨM STING THẾ HỆ MỚI ĐỔ BỘ - CƠN LỐC NĂNG LƯỢNG DÁM NGHĨ DÁM LÀM 30s,Sting World Vietnam,2025-09-16T12:00:32Z,13575528,247,23,@NoNobita-u3n,Sting thế hệ mới dám nghĩ dám làm cùng hieuthuhai,0,2025-11-04T07:06:43Z,sting thế hệ mới dám nghĩ dám làm cùng hieuthuhai,positive,0.0,2025-11-04 07:06:43+00:00,2025-11-04 00:00:00+00:00,2025-11-04 07:06:43+00:00
Sting,U_C6BBappc8,SIÊU PHẨM STING THẾ HỆ MỚI ĐỔ BỘ - CƠN LỐC NĂNG LƯỢNG DÁM NGHĨ DÁM LÀM 30s,Sting World Vietnam,2025-09-16T12:00:32Z,13575528,247,23,@LoanNguyen-mr1rn,Hth luôn ủng hộ e,0,2025-09-24T04:18:14Z,hth luôn ủng hộ e,positive,0.0,2025-09-24 04:18:14+00:00,2025-09-24 00:00:00+00:00,2025-09-24 04:18:14+00:00
Sting,U_C6BBappc8,SIÊU PHẨM STING THẾ HỆ MỚI ĐỔ BỘ - CƠN LỐC NĂNG LƯỢNG DÁM NGHĨ DÁM LÀM 30s,Sting World Vietnam,2025-09-16T12:00:32Z,13575528,247,23,@tduong515,Dam nghĩ dám làm cùng với HIEUTHUHAI và Sting,0,2025-09-19T18:09:27Z,dam nghĩ dám làm cùng với hieuthuhai và sting,neutral,0.0,2025-09-19 18:09:27+00:00,2025-09-19 00:00:00+00:00,2025-09-19 18:09:27+00:00
Sting,U_C6BBappc8,SIÊU PHẨM STING THẾ HỆ MỚI ĐỔ BỘ - CƠN LỐC NĂNG LƯỢNG DÁM NGHĨ DÁM LÀM 30s,Sting World Vietnam,2025-09-16T12:00:32Z,13575528,247,23,@phucbao-p2m,"Sting vị ngon mãi đỉnh, STING X HIEUTHUHAI ❤",1,2025-09-19T17:01:26Z,sting vị ngon mãi đỉnh sting x hieuthuhai ❤,positive,0.0,2025-09-19 17:01:26+00:00,2025-09-19 00:00:00+00:00,2025-09-19 17:01:26+00:00
Sting,U_C6BBappc8,SIÊU PHẨM STING THẾ HỆ MỚI ĐỔ BỘ - CƠN LỐC NĂNG LƯỢNG DÁM NGHĨ DÁM LÀM 30s,Sting World Vietnam,2025-09-16T12:00:32Z,13575528,247,23,@HiPhan-v3m,Tuyệt vời Sting ơi,2,2025-09-19T16:49:41Z,tuyệt vời sting ơi,positive,0.0,2025-09-19 16:49:41+00:00,2025-09-19 00:00:00+00:00,2025-09-19 16:49:41+00:00
Sting,U_C6BBappc8,SIÊU PHẨM STING THẾ HỆ MỚI ĐỔ BỘ - CƠN LỐC NĂNG LƯỢNG DÁM NGHĨ DÁM LÀM 30s,Sting World Vietnam,2025-09-16T12:00:32Z,13575528,247,23,@MinMinMin-u8o,"Vẫn là Sting ""Dám Nghĩ Dám Làm"", như cách HIEUTHUHAI đã đưa chất riêng của mình vào các sản phẩm âm nhạc nhưng vẫn phù hợp với đại chúng và viral trên mọi mặt trận ❤",0,2025-09-19T12:02:30Z,vẫn là sting dám nghĩ dám làm như cách hieuthuhai đã đưa chất riêng của mình vào các sản phẩm âm nhạc nhưng vẫn phù hợp với đại chúng và viral trên mọi mặt trận ❤,positive,0.0,2025-09-19 12:02:30+00:00,2025-09-19 00:00:00+00:00,2025-09-19 12:02:30+00:00
Sting,U_C6BBappc8,SIÊU PHẨM STING THẾ HỆ MỚI ĐỔ BỘ - CƠN LỐC NĂNG LƯỢNG DÁM NGHĨ DÁM LÀM 30s,Sting World Vietnam,2025-09-16T12:00:32Z,13575528,247,23,@thompham6982,STing thế hệ mới dám nghĩ dám làm cùng HIEUTHUHAI,0,2025-09-19T09:22:34Z,sting thế hệ mới dám nghĩ dám làm cùng hieuthuhai,positive,0.0,2025-09-19 09:22:34+00:00,2025-09-19 00:00:00+00:00,2025-09-19 09:22:34+00:00
Sting,U_C6BBappc8,SIÊU PHẨM STING THẾ HỆ MỚI ĐỔ BỘ - CƠN LỐC NĂNG LƯỢNG DÁM NGHĨ DÁM LÀM 30s,Sting World Vietnam,2025-09-16T12:00:32Z,13575528,247,23,@oanthiyenlinh7211,Quảng cáo gì mà đẹp trai quá dị,3,2025-09-19T07:30:11Z,quảng cáo gì mà đẹp trai quá dị,positive,0.0,2025-09-19 07:30:11+00:00,2025-09-19 00:00:00+00:00,2025-09-19 07:30:11+00:00
Sting,U_C6BBappc8,SIÊU PHẨM STING THẾ HỆ MỚI ĐỔ BỘ - CƠN LỐC NĂNG LƯỢNG DÁM NGHĨ DÁM LÀM 30s,Sting World Vietnam,2025-09-16T12:00:32Z,13575528,247,23,@khanhlypham88,"bật sting, bật năng lượng dám nghĩ dám làm cùng HIEUTHUHAI!",0,2025-09-19T07:05:41Z,bật sting bật năng lượng dám nghĩ dám làm cùng hieuthuhai,positive,0.0,2025-09-19 07:05:41+00:00,2025-09-19 00:00:00+00:00,2025-09-19 07:05:41+00:00
Sting,U_C6BBappc8,SIÊU PHẨM STING THẾ HỆ MỚI ĐỔ BỘ - CƠN LỐC NĂNG LƯỢNG DÁM NGHĨ DÁM LÀM 30s,Sting World Vietnam,2025-09-16T12:00:32Z,13575528,247,23,@haiphung3122,❤,0,2025-09-19T06:55:56Z,❤,positive,0.0,2025-09-19 06:55:56+00:00,2025-09-19 00:00:00+00:00,2025-09-19 06:55:56+00:00
Sting,U_C6BBappc8,SIÊU PHẨM STING THẾ HỆ MỚI ĐỔ BỘ - CƠN LỐC NĂNG LƯỢNG DÁM NGHĨ DÁM LÀM 30s,Sting World Vietnam,2025-09-16T12:00:32Z,13575528,247,23,@maipham5144,Uống Sting cùng idol HIEUTHUHAI nào,0,2025-09-19T06:53:46Z,uống sting cùng idol hieuthuhai nào,neutral,0.0,2025-09-19 06:53:46+00:00,2025-09-19 00:00:00+00:00,2025-09-19 06:53:46+00:00
Sting,U_C6BBappc8,SIÊU PHẨM STING THẾ HỆ MỚI ĐỔ BỘ - CƠN LỐC NĂNG LƯỢNG DÁM NGHĨ DÁM LÀM 30s,Sting World Vietnam,2025-09-16T12:00:32Z,13575528,247,23,@thaonguyen-ik5pw,STING THẾ HỆ MỚI DÁM NGHĨ DÁM LÀM CÙNG HIEUTHUHAI ❤,0,2025-09-19T06:39:35Z,sting thế hệ mới dám nghĩ dám làm cùng hieuthuhai ❤,positive,0.0,2025-09-19 06:39:35+00:00,2025-09-19 00:00:00+00:00,2025-09-19 06:39:35+00:00
Sting,U_C6BBappc8,SIÊU PHẨM STING THẾ HỆ MỚI ĐỔ BỘ - CƠN LỐC NĂNG LƯỢNG DÁM NGHĨ DÁM LÀM 30s,Sting World Vietnam,2025-09-16T12:00:32Z,13575528,247,23,@DiệpPhạm-s7y,Chắc chắn làn rồi sting hồng sâm ơi vì có bé HIEUTHUHAI nè,2,2025-09-19T06:25:22Z,chắc chắn làn rồi sting hồng sâm ơi vì có bé hieuthuhai nè,neutral,0.0,2025-09-19 06:25:22+00:00,2025-09-19 00:00:00+00:00,2025-09-19 06:25:22+00:00
Sting,U_C6BBappc8,SIÊU PHẨM STING THẾ HỆ MỚI ĐỔ BỘ - CƠN LỐC NĂNG LƯỢNG DÁM NGHĨ DÁM LÀM 30s,Sting World Vietnam,2025-09-16T12:00:32Z,13575528,247,23,@bangtamnguyenngoc-it6he,Hóng Sting mới,0,2025-09-19T06:20:04Z,hóng sting mới,neutral,0.0,2025-09-19 06:20:04+00:00,2025-09-19 00:00:00+00:00,2025-09-19 06:20:04+00:00
Sting,U_C6BBappc8,SIÊU PHẨM STING THẾ HỆ MỚI ĐỔ BỘ - CƠN LỐC NĂNG LƯỢNG DÁM NGHĨ DÁM LÀM 30s,Sting World Vietnam,2025-09-16T12:00:32Z,13575528,247,23,@Koocten-kl21,Oi dồi ôi lại tiếp tục ra mắt ha,2,2025-09-18T03:06:50Z,oi dồi ôi lại tiếp tục ra mắt ha,neutral,0.0,2025-09-18 03:06:50+00:00,2025-09-18 00:00:00+00:00,2025-09-18 03:06:50+00:00
Sting,U_C6BBappc8,SIÊU PHẨM STING THẾ HỆ MỚI ĐỔ BỘ - CƠN LỐC NĂNG LƯỢNG DÁM NGHĨ DÁM LÀM 30s,Sting World Vietnam,2025-09-16T12:00:32Z,13575528,247,23,@trunghoabantv454,Toàn hoá chất 😢,1,2025-09-17T19:06:18Z,toàn hoá chất 😢,negative,0.0,2025-09-17 19:06:18+00:00,2025-09-17 00:00:00+00:00,2025-09-17 19:06:18+00:00
Sting,KaM427tHog0,SIÊU PHẨM STING THẾ HỆ MỚI ĐỔ BỘ - CƠN LỐC NĂNG LƯỢNG DÁM NGHĨ DÁM LÀM 15s,Sting World Vietnam,2025-09-18T07:12:29Z,19103746,107,20,@02.nguyenbaduyanh41,mê sting uống đã,0,2025-11-08T14:46:07Z,mê sting uống đã,positive,0.0,2025-11-08 14:46:07+00:00,2025-11-08 00:00:00+00:00,2025-11-08 14:46:07+00:00
Sting,KaM427tHog0,SIÊU PHẨM STING THẾ HỆ MỚI ĐỔ BỘ - CƠN LỐC NĂNG LƯỢNG DÁM NGHĨ DÁM LÀM 15s,Sting World Vietnam,2025-09-18T07:12:29Z,19103746,107,20,@MỹHồng-t1i,Có chị Hà đưa ô đi dl suốt đời luôn nè,0,2025-11-07T00:27:14Z,có chị hà đưa ô đi dl suốt đời luôn nè,neutral,0.0,2025-11-07 00:27:14+00:00,2025-11-07 00:00:00+00:00,2025-11-07 00:27:14+00:00
Sting,KaM427tHog0,SIÊU PHẨM STING THẾ HỆ MỚI ĐỔ BỘ - CƠN LỐC NĂNG LƯỢNG DÁM NGHĨ DÁM LÀM 15s,Sting World Vietnam,2025-09-18T07:12:29Z,19103746,107,20,@NoNobita-u3n,Quảng cáo đẹp trai quá,1,2025-11-04T07:05:32Z,quảng cáo đẹp trai quá,positive,0.0,2025-11-04 07:05:32+00:00,2025-11-04 00:00:00+00:00,2025-11-04 07:05:32+00:00
Sting,KaM427tHog0,SIÊU PHẨM STING THẾ HỆ MỚI ĐỔ BỘ - CƠN LỐC NĂNG LƯỢNG DÁM NGHĨ DÁM LÀM 15s,Sting World Vietnam,2025-09-18T07:12:29Z,19103746,107,20,@xuanquyenbui186,Địch thúi camec,0,2025-09-28T04:15:35Z,địch thúi camec,neutral,0.0,2025-09-28 04:15:35+00:00,2025-09-28 00:00:00+00:00,2025-09-28 04:15:35+00:00
Sting,KaM427tHog0,SIÊU PHẨM STING THẾ HỆ MỚI ĐỔ BỘ - CƠN LỐC NĂNG LƯỢNG DÁM NGHĨ DÁM LÀM 15s,Sting World Vietnam,2025-09-18T07:12:29Z,19103746,107,20,@phuonghuynh-m2m,Quảng cáo của HIEUTHUHAI thì không bao giờ skip.,0,2025-09-25T19:30:18Z,quảng cáo của hieuthuhai thì không bao giờ skip,negative,0.0,2025-09-25 19:30:18+00:00,2025-09-25 00:00:00+00:00,2025-09-25 19:30:18+00:00
Sting,KaM427tHog0,SIÊU PHẨM STING THẾ HỆ MỚI ĐỔ BỘ - CƠN LỐC NĂNG LƯỢNG DÁM NGHĨ DÁM LÀM 15s,Sting World Vietnam,2025-09-18T07:12:29Z,19103746,107,20,@boyd-u8g,"Your storytelling is incredible, couldn’t stop watching! �� Thanks for this, looking forward to more awesome content!",0,2025-09-21T09:03:33Z,your storytelling is incredible couldnt stop watching thanks for this looking forward to more awesome content,neutral,0.0,2025-09-21 09:03:33+00:00,2025-09-21 00:00:00+00:00,2025-09-21 09:03:33+00:00
Sting,KaM427tHog0,SIÊU PHẨM STING THẾ HỆ MỚI ĐỔ BỘ - CƠN LỐC NĂNG LƯỢNG DÁM NGHĨ DÁM LÀM 15s,Sting World Vietnam,2025-09-18T07:12:29Z,19103746,107,20,@Tammy-r7o,Sting Ngon như HIEUTHUHAI,0,2025-09-20T07:35:17Z,sting ngon như hieuthuhai,positive,0.0,2025-09-20 07:35:17+00:00,2025-09-20 00:00:00+00:00,2025-09-20 07:35:17+00:00
Sting,KaM427tHog0,SIÊU PHẨM STING THẾ HỆ MỚI ĐỔ BỘ - CƠN LỐC NĂNG LƯỢNG DÁM NGHĨ DÁM LÀM 15s,Sting World Vietnam,2025-09-18T07:12:29Z,19103746,107,20,@HiPhan-v3m,Sting thế hệ mới x HIEUTHUHAI tuyệt vời,2,2025-09-19T16:48:51Z,sting thế hệ mới x hieuthuhai tuyệt vời,positive,0.0,2025-09-19 16:48:51+00:00,2025-09-19 00:00:00+00:00,2025-09-19 16:48:51+00:00
Sting,KaM427tHog0,SIÊU PHẨM STING THẾ HỆ MỚI ĐỔ BỘ - CƠN LỐC NĂNG LƯỢNG DÁM NGHĨ DÁM LÀM 15s,Sting World Vietnam,2025-09-18T07:12:29Z,19103746,107,20,@tienle-y3x8u,"Xịn quá Sting ơi, anh HIEUTHUHAI mãi đỉnh",0,2025-09-19T16:14:13Z,xịn quá sting ơi anh hieuthuhai mãi đỉnh,positive,0.0,2025-09-19 16:14:13+00:00,2025-09-19 00:00:00+00:00,2025-09-19 16:14:13+00:00
Sting,KaM427tHog0,SIÊU PHẨM STING THẾ HỆ MỚI ĐỔ BỘ - CƠN LỐC NĂNG LƯỢNG DÁM NGHĨ DÁM LÀM 15s,Sting World Vietnam,2025-09-18T07:12:29Z,19103746,107,20,@quangtruongnguyen6374,Sting dựng quảng cáo hay quá,0,2025-09-19T14:19:13Z,sting dựng quảng cáo hay quá,positive,0.0,2025-09-19 14:19:13+00:00,2025-09-19 00:00:00+00:00,2025-09-19 14:19:13+00:00
Sting,KaM427tHog0,SIÊU PHẨM STING THẾ HỆ MỚI ĐỔ BỘ - CƠN LỐC NĂNG LƯỢNG DÁM NGHĨ DÁM LÀM 15s,Sting World Vietnam,2025-09-18T07:12:29Z,19103746,107,20,@MinMinMin-u8o,HIEUTHUHAI overhợp với màu đỏ của Sting ❤,1,2025-09-19T12:03:27Z,hieuthuhai overhợp với màu đỏ của sting ❤,positive,0.0,2025-09-19 12:03:27+00:00,2025-09-19 00:00:00+00:00,2025-09-19 12:03:27+00:00
Sting,KaM427tHog0,SIÊU PHẨM STING THẾ HỆ MỚI ĐỔ BỘ - CƠN LỐC NĂNG LƯỢNG DÁM NGHĨ DÁM LÀM 15s,Sting World Vietnam,2025-09-18T07:12:29Z,19103746,107,20,@ThuTrang-s5o,Cùng HIEUTHUHAI dám nghĩ dám làm với Sting thế hệ mới,0,2025-09-19T09:28:36Z,cùng hieuthuhai dám nghĩ dám làm với sting thế hệ mới,positive,0.0,2025-09-19 09:28:36+00:00,2025-09-19 00:00:00+00:00,2025-09-19 09:28:36+00:00
Sting,KaM427tHog0,SIÊU PHẨM STING THẾ HỆ MỚI ĐỔ BỘ - CƠN LỐC NĂNG LƯỢNG DÁM NGHĨ DÁM LÀM 15s,Sting World Vietnam,2025-09-18T07:12:29Z,19103746,107,20,@LeeTrangHTH,"Sting thế hệ mới quá xịn, xịn như HIEUTHUHAI zay đó",0,2025-09-19T08:06:15Z,sting thế hệ mới quá xịn xịn như hieuthuhai zay đó,positive,0.0,2025-09-19 08:06:15+00:00,2025-09-19 00:00:00+00:00,2025-09-19 08:06:15+00:00
Sting,KaM427tHog0,SIÊU PHẨM STING THẾ HỆ MỚI ĐỔ BỘ - CƠN LỐC NĂNG LƯỢNG DÁM NGHĨ DÁM LÀM 15s,Sting World Vietnam,2025-09-18T07:12:29Z,19103746,107,20,@khanhlypham88,hóng sting thế hệ mới quá!!!,0,2025-09-19T07:05:05Z,hóng sting thế hệ mới quá,positive,0.0,2025-09-19 07:05:05+00:00,2025-09-19 00:00:00+00:00,2025-09-19 07:05:05+00:00
Sting,KaM427tHog0,SIÊU PHẨM STING THẾ HỆ MỚI ĐỔ BỘ - CƠN LỐC NĂNG LƯỢNG DÁM NGHĨ DÁM LÀM 15s,Sting World Vietnam,2025-09-18T07:12:29Z,19103746,107,20,@thaonguyen-ik5pw,Sting thế hệ mới dám nghĩ dám làm cùng HIEUTHUHAI ❤,1,2025-09-19T06:40:52Z,sting thế hệ mới dám nghĩ dám làm cùng hieuthuhai ❤,positive,0.0,2025-09-19 06:40:52+00:00,2025-09-19 00:00:00+00:00,2025-09-19 06:40:52+00:00
Sting,KaM427tHog0,SIÊU PHẨM STING THẾ HỆ MỚI ĐỔ BỘ - CƠN LỐC NĂNG LƯỢNG DÁM NGHĨ DÁM LÀM 15s,Sting World Vietnam,2025-09-18T07:12:29Z,19103746,107,20,@diepphamngoc9685,Hóng sting mới dám nghĩ dám làm HIEUTHUHAI ơi,5,2025-09-19T06:29:56Z,hóng sting mới dám nghĩ dám làm hieuthuhai ơi,positive,0.0,2025-09-19 06:29:56+00:00,2025-09-19 00:00:00+00:00,2025-09-19 06:29:56+00:00
Sting,KaM427tHog0,SIÊU PHẨM STING THẾ HỆ MỚI ĐỔ BỘ - CƠN LỐC NĂNG LƯỢNG DÁM NGHĨ DÁM LÀM 15s,Sting World Vietnam,2025-09-18T07:12:29Z,19103746,107,20,@DiệpPhạm-s7y,Dám nghĩ dám làm cùng sting thế hệ mới nè vì có bé HIEUTHUHAI NÈ,3,2025-09-19T06:27:46Z,dám nghĩ dám làm cùng sting thế hệ mới nè vì có bé hieuthuhai nè,positive,0.0,2025-09-19 06:27:46+00:00,2025-09-19 00:00:00+00:00,2025-09-19 06:27:46+00:00
Sting,KaM427tHog0,SIÊU PHẨM STING THẾ HỆ MỚI ĐỔ BỘ - CƠN LỐC NĂNG LƯỢNG DÁM NGHĨ DÁM LÀM 15s,Sting World Vietnam,2025-09-18T07:12:29Z,19103746,107,20,@bangtamnguyenngoc-it6he,Hóng Sting thế hệ mới,2,2025-09-19T06:11:42Z,hóng sting thế hệ mới,positive,0.0,2025-09-19 06:11:42+00:00,2025-09-19 00:00:00+00:00,2025-09-19 06:11:42+00:00
Sting,sZJ2x-KaIMw,STING THẾ HỆ MỚI BÙNG NỔ NĂNG LƯỢNG,Sting World Vietnam,2025-10-03T08:21:29Z,14398247,104,15,@02.nguyenbaduyanh41,Chai này mà uống trước giờ thi chắc làm bài 200% công suất,0,2025-11-08T14:47:15Z,chai này mà uống trước giờ thi chắc làm bài 200 công suất,neutral,0.0,2025-11-08 14:47:15+00:00,2025-11-08 00:00:00+00:00,2025-11-08 14:47:15+00:00
Sting,sZJ2x-KaIMw,STING THẾ HỆ MỚI BÙNG NỔ NĂNG LƯỢNG,Sting World Vietnam,2025-10-03T08:21:29Z,14398247,104,15,@02.nguyenbaduyanh41,hay uống màu đỏ,0,2025-11-08T14:46:46Z,hay uống màu đỏ,positive,0.0,2025-11-08 14:46:46+00:00,2025-11-08 00:00:00+00:00,2025-11-08 14:46:46+00:00
Sting,sZJ2x-KaIMw,STING THẾ HỆ MỚI BÙNG NỔ NĂNG LƯỢNG,Sting World Vietnam,2025-10-03T08:21:29Z,14398247,104,15,@02.nguyenbaduyanh41,ngon,0,2025-11-08T14:46:28Z,ngon,positive,0.0,2025-11-08 14:46:28+00:00,2025-11-08 00:00:00+00:00,2025-11-08 14:46:28+00:00
Sting,sZJ2x-KaIMw,STING THẾ HỆ MỚI BÙNG NỔ NĂNG LƯỢNG,Sting World Vietnam,2025-10-03T08:21:29Z,14398247,104,15,@ThanhLoChiTon,"nice, đỉnh, ngon",0,2025-11-08T14:40:38Z,nice đỉnh ngon,positive,0.0,2025-11-08 14:40:38+00:00,2025-11-08 00:00:00+00:00,2025-11-08 14:40:38+00:00
Sting,sZJ2x-KaIMw,STING THẾ HỆ MỚI BÙNG NỔ NĂNG LƯỢNG,Sting World Vietnam,2025-10-03T08:21:29Z,14398247,104,15,@ThanhLoChiTon,vị dâu,0,2025-11-08T14:40:01Z,vị dâu,neutral,0.0,2025-11-08 14:40:01+00:00,2025-11-08 00:00:00+00:00,2025-11-08 14:40:01+00:00
Sting,sZJ2x-KaIMw,STING THẾ HỆ MỚI BÙNG NỔ NĂNG LƯỢNG,Sting World Vietnam,2025-10-03T08:21:29Z,14398247,104,15,@ThanhLoChiTon,dám nghĩ dám làm,0,2025-11-08T14:39:46Z,dám nghĩ dám làm,positive,0.0,2025-11-08 14:39:46+00:00,2025-11-08 00:00:00+00:00,2025-11-08 14:39:46+00:00
Sting,sZJ2x-KaIMw,STING THẾ HỆ MỚI BÙNG NỔ NĂNG LƯỢNG,Sting World Vietnam,2025-10-03T08:21:29Z,14398247,104,15,@ThanhLoChiTon,Hieuthuhai đâu,0,2025-11-08T14:39:29Z,hieuthuhai đâu,neutral,0.0,2025-11-08 14:39:29+00:00,2025-11-08 00:00:00+00:00,2025-11-08 14:39:29+00:00
Sting,sZJ2x-KaIMw,STING THẾ HỆ MỚI BÙNG NỔ NĂNG LƯỢNG,Sting World Vietnam,2025-10-03T08:21:29Z,14398247,104,15,@ThanhLoChiTon,Sting Thế Hệ Mới đã có mặt,0,2025-11-08T14:39:13Z,sting thế hệ mới đã có mặt,positive,0.0,2025-11-08 14:39:13+00:00,2025-11-08 00:00:00+00:00,2025-11-08 14:39:13+00:00
Sting,sZJ2x-KaIMw,STING THẾ HỆ MỚI BÙNG NỔ NĂNG LƯỢNG,Sting World Vietnam,2025-10-03T08:21:29Z,14398247,104,15,@ThanhLoChiTon,#Sting #StingDamNghiDamLam #DamNghiDamLam,0,2025-11-08T14:36:50Z,sting stingdamnghidamlam damnghidamlam,neutral,0.0,2025-11-08 14:36:50+00:00,2025-11-08 00:00:00+00:00,2025-11-08 14:36:50+00:00
Sting,sZJ2x-KaIMw,STING THẾ HỆ MỚI BÙNG NỔ NĂNG LƯỢNG,Sting World Vietnam,2025-10-03T08:21:29Z,14398247,104,15,@ThanhLoChiTon,Sting này uống ngon,0,2025-11-08T14:34:35Z,sting này uống ngon,positive,0.0,2025-11-08 14:34:35+00:00,2025-11-08 00:00:00+00:00,2025-11-08 14:34:35+00:00
Sting,sZJ2x-KaIMw,STING THẾ HỆ MỚI BÙNG NỔ NĂNG LƯỢNG,Sting World Vietnam,2025-10-03T08:21:29Z,14398247,104,15,@Linhcaogmail,Sting giờ uống như rồng đỏ,1,2025-10-19T03:06:28Z,sting giờ uống như rồng đỏ,neutral,0.0,2025-10-19 03:06:28+00:00,2025-10-19 00:00:00+00:00,2025-10-19 03:06:28+00:00
Sting,sZJ2x-KaIMw,STING THẾ HỆ MỚI BÙNG NỔ NĂNG LƯỢNG,Sting World Vietnam,2025-10-03T08:21:29Z,14398247,104,15,@NguyenHieu-cg8lh,Sting nước đưa chúng ta đến chạy thận,1,2025-10-18T10:40:47Z,sting nước đưa chúng ta đến chạy thận,negative,0.0,2025-10-18 10:40:47+00:00,2025-10-18 00:00:00+00:00,2025-10-18 10:40:47+00:00
Sting,sZJ2x-KaIMw,STING THẾ HỆ MỚI BÙNG NỔ NĂNG LƯỢNG,Sting World Vietnam,2025-10-03T08:21:29Z,14398247,104,15,@huynhnguyen-ti3np,"Uống nghe mùi thuốc tẩy, mở nắp ra phát toàn mùi clo",6,2025-10-18T07:13:20Z,uống nghe mùi thuốc tẩy mở nắp ra phát toàn mùi clo,negative,0.0,2025-10-18 07:13:20+00:00,2025-10-18 00:00:00+00:00,2025-10-18 07:13:20+00:00
Sting,sZJ2x-KaIMw,STING THẾ HỆ MỚI BÙNG NỔ NĂNG LƯỢNG,Sting World Vietnam,2025-10-03T08:21:29Z,14398247,104,15,@VichapasstudioKultangwatana,"so Nice, so beautyful",3,2025-10-06T12:01:25Z,so nice so beautyful,neutral,0.0,2025-10-06 12:01:25+00:00,2025-10-06 00:00:00+00:00,2025-10-06 12:01:25+00:00
Wakeup,tXvgpOA_ia4,"WAKE-UP 247 x MANCHESTER CITY | ĐẬP TAN LỜ ĐỜ UỂ OẢI, DŨNG MÃNH VƯỢT LÊN",Nước tăng lực vị cà phê Wake-up 247,2025-05-19T08:28:14Z,27919821,235,28,@02.nguyenbaduyanh41,sao không bắt tay với MU,0,2025-11-08T14:24:43Z,sao không bắt tay với mu,neutral,0.0,2025-11-08 14:24:43+00:00,2025-11-08 00:00:00+00:00,2025-11-08 14:24:43+00:00
Wakeup,tXvgpOA_ia4,"WAKE-UP 247 x MANCHESTER CITY | ĐẬP TAN LỜ ĐỜ UỂ OẢI, DŨNG MÃNH VƯỢT LÊN",Nước tăng lực vị cà phê Wake-up 247,2025-05-19T08:28:14Z,27919821,235,28,@huuduy2823,Wakeup 247,0,2025-11-08T14:14:09Z,wakeup 247,neutral,0.0,2025-11-08 14:14:09+00:00,2025-11-08 00:00:00+00:00,2025-11-08 14:14:09+00:00
Wakeup,tXvgpOA_ia4,"WAKE-UP 247 x MANCHESTER CITY | ĐẬP TAN LỜ ĐỜ UỂ OẢI, DŨNG MÃNH VƯỢT LÊN",Nước tăng lực vị cà phê Wake-up 247,2025-05-19T08:28:14Z,27919821,235,28,@huuduy2823,Nước tăng lực vị cà phê,0,2025-11-08T14:14:01Z,nước tăng lực vị cà phê,neutral,0.0,2025-11-08 14:14:01+00:00,2025-11-08 00:00:00+00:00,2025-11-08 14:14:01+00:00
Wakeup,tXvgpOA_ia4,"WAKE-UP 247 x MANCHESTER CITY | ĐẬP TAN LỜ ĐỜ UỂ OẢI, DŨNG MÃNH VƯỢT LÊN",Nước tăng lực vị cà phê Wake-up 247,2025-05-19T08:28:14Z,27919821,235,28,@huuduy2823,cà phê,0,2025-11-08T14:13:51Z,cà phê,neutral,0.0,2025-11-08 14:13:51+00:00,2025-11-08 00:00:00+00:00,2025-11-08 14:13:51+00:00
Wakeup,tXvgpOA_ia4,"WAKE-UP 247 x MANCHESTER CITY | ĐẬP TAN LỜ ĐỜ UỂ OẢI, DŨNG MÃNH VƯỢT LÊN",Nước tăng lực vị cà phê Wake-up 247,2025-05-19T08:28:14Z,27919821,235,28,@Besyvn,Việt Nam vô địch,0,2025-11-08T13:55:24Z,việt nam vô địch,neutral,0.0,2025-11-08 13:55:24+00:00,2025-11-08 00:00:00+00:00,2025-11-08 13:55:24+00:00
Wakeup,tXvgpOA_ia4,"WAKE-UP 247 x MANCHESTER CITY | ĐẬP TAN LỜ ĐỜ UỂ OẢI, DŨNG MÃNH VƯỢT LÊN",Nước tăng lực vị cà phê Wake-up 247,2025-05-19T08:28:14Z,27919821,235,28,@huuduy2823,Trình Haaland,0,2025-11-08T13:42:07Z,trình haaland,neutral,0.0,2025-11-08 13:42:07+00:00,2025-11-08 00:00:00+00:00,2025-11-08 13:42:07+00:00
Wakeup,tXvgpOA_ia4,"WAKE-UP 247 x MANCHESTER CITY | ĐẬP TAN LỜ ĐỜ UỂ OẢI, DŨNG MÃNH VƯỢT LÊN",Nước tăng lực vị cà phê Wake-up 247,2025-05-19T08:28:14Z,27919821,235,28,@NhậtMinhNguyễnPhú-e1u,Jiomo,1,2025-07-26T04:57:48Z,jiomo,neutral,0.0,2025-07-26 04:57:48+00:00,2025-07-26 00:00:00+00:00,2025-07-26 04:57:48+00:00
Wakeup,tXvgpOA_ia4,"WAKE-UP 247 x MANCHESTER CITY | ĐẬP TAN LỜ ĐỜ UỂ OẢI, DŨNG MÃNH VƯỢT LÊN",Nước tăng lực vị cà phê Wake-up 247,2025-05-19T08:28:14Z,27919821,235,28,@NhậtMinhNguyễnPhú-e1u,"M
 Lkip",0,2025-07-26T04:57:22Z,m lkip,neutral,0.0,2025-07-26 04:57:22+00:00,2025-07-26 00:00:00+00:00,2025-07-26 04:57:22+00:00
Wakeup,tXvgpOA_ia4,"WAKE-UP 247 x MANCHESTER CITY | ĐẬP TAN LỜ ĐỜ UỂ OẢI, DŨNG MÃNH VƯỢT LÊN",Nước tăng lực vị cà phê Wake-up 247,2025-05-19T08:28:14Z,27919821,235,28,@hhh2196,Hết chổ đi thuê mấy thằng đi quảng cáo wed cá độ,0,2025-07-20T11:12:11Z,hết chổ đi thuê mấy thằng đi quảng cáo wed cá độ,negative,0.0,2025-07-20 11:12:11+00:00,2025-07-20 00:00:00+00:00,2025-07-20 11:12:11+00:00
Wakeup,tXvgpOA_ia4,"WAKE-UP 247 x MANCHESTER CITY | ĐẬP TAN LỜ ĐỜ UỂ OẢI, DŨNG MÃNH VƯỢT LÊN",Nước tăng lực vị cà phê Wake-up 247,2025-05-19T08:28:14Z,27919821,235,28,@TrungDy2k6ok,Uống 247 như bia ngon,0,2025-07-09T13:45:46Z,uống 247 như bia ngon,positive,0.0,2025-07-09 13:45:46+00:00,2025-07-09 00:00:00+00:00,2025-07-09 13:45:46+00:00
Wakeup,tXvgpOA_ia4,"WAKE-UP 247 x MANCHESTER CITY | ĐẬP TAN LỜ ĐỜ UỂ OẢI, DŨNG MÃNH VƯỢT LÊN",Nước tăng lực vị cà phê Wake-up 247,2025-05-19T08:28:14Z,27919821,235,28,@khuphamxuan966,Đội bóng đá quốc tế Manchester đẹp zai quá,1,2025-07-08T13:11:35Z,đội bóng đá quốc tế manchester đẹp zai quá,positive,0.0,2025-07-08 13:11:35+00:00,2025-07-08 00:00:00+00:00,2025-07-08 13:11:35+00:00
Wakeup,tXvgpOA_ia4,"WAKE-UP 247 x MANCHESTER CITY | ĐẬP TAN LỜ ĐỜ UỂ OẢI, DŨNG MÃNH VƯỢT LÊN",Nước tăng lực vị cà phê Wake-up 247,2025-05-19T08:28:14Z,27919821,235,28,@khuphamxuan966,Ngầu vãi,0,2025-07-08T13:10:30Z,ngầu vãi,neutral,0.0,2025-07-08 13:10:30+00:00,2025-07-08 00:00:00+00:00,2025-07-08 13:10:30+00:00
Wakeup,tXvgpOA_ia4,"WAKE-UP 247 x MANCHESTER CITY | ĐẬP TAN LỜ ĐỜ UỂ OẢI, DŨNG MÃNH VƯỢT LÊN",Nước tăng lực vị cà phê Wake-up 247,2025-05-19T08:28:14Z,27919821,235,28,@HoangHoang-y9d,Chủ của mancity là người Ả rập nên MC nó thảcthooi,1,2025-07-01T11:49:37Z,chủ của mancity là người ả rập nên mc nó thảcthooi,neutral,0.0,2025-07-01 11:49:37+00:00,2025-07-01 00:00:00+00:00,2025-07-01 11:49:37+00:00
Wakeup,tXvgpOA_ia4,"WAKE-UP 247 x MANCHESTER CITY | ĐẬP TAN LỜ ĐỜ UỂ OẢI, DŨNG MÃNH VƯỢT LÊN",Nước tăng lực vị cà phê Wake-up 247,2025-05-19T08:28:14Z,27919821,235,28,@PhếnLa-o7h,"Sau không tài trợ Mu ,Real ,Barca ,nhìu fan dễ bán 😅😅😅",0,2025-06-24T23:47:32Z,sau không tài trợ mu real barca nhìu fan dễ bán,neutral,0.0,2025-06-24 23:47:32+00:00,2025-06-24 00:00:00+00:00,2025-06-24 23:47:32+00:00
Wakeup,tXvgpOA_ia4,"WAKE-UP 247 x MANCHESTER CITY | ĐẬP TAN LỜ ĐỜ UỂ OẢI, DŨNG MÃNH VƯỢT LÊN",Nước tăng lực vị cà phê Wake-up 247,2025-05-19T08:28:14Z,27919821,235,28,@ThiệnQuânChâu,Wake up 247 có hương vị cà phê sữa hả,1,2025-06-24T11:31:12Z,wake up 247 có hương vị cà phê sữa hả,neutral,0.0,2025-06-24 11:31:12+00:00,2025-06-24 00:00:00+00:00,2025-06-24 11:31:12+00:00
Wakeup,tXvgpOA_ia4,"WAKE-UP 247 x MANCHESTER CITY | ĐẬP TAN LỜ ĐỜ UỂ OẢI, DŨNG MÃNH VƯỢT LÊN",Nước tăng lực vị cà phê Wake-up 247,2025-05-19T08:28:14Z,27919821,235,28,@VânCanThị-w1f,Kk,0,2025-06-23T08:59:07Z,kk,neutral,0.0,2025-06-23 08:59:07+00:00,2025-06-23 00:00:00+00:00,2025-06-23 08:59:07+00:00
Wakeup,tXvgpOA_ia4,"WAKE-UP 247 x MANCHESTER CITY | ĐẬP TAN LỜ ĐỜ UỂ OẢI, DŨNG MÃNH VƯỢT LÊN",Nước tăng lực vị cà phê Wake-up 247,2025-05-19T08:28:14Z,27919821,235,28,@TieuVu1234,Nước ngọt duy nhất uống từ lúc năm đầu sản xuất tới h k chán😊,3,2025-06-20T01:37:37Z,nước ngọt duy nhất uống từ lúc năm đầu sản xuất tới h k chán😊,neutral,0.0,2025-06-20 01:37:37+00:00,2025-06-20 00:00:00+00:00,2025-06-20 01:37:37+00:00
Wakeup,tXvgpOA_ia4,"WAKE-UP 247 x MANCHESTER CITY | ĐẬP TAN LỜ ĐỜ UỂ OẢI, DŨNG MÃNH VƯỢT LÊN",Nước tăng lực vị cà phê Wake-up 247,2025-05-19T08:28:14Z,27919821,235,28,@cophieuxanh4115,Thì ra là ManC uống 247 nên đá xuống phong độ ghê,2,2025-06-19T15:50:09Z,thì ra là manc uống 247 nên đá xuống phong độ ghê,neutral,0.0,2025-06-19 15:50:09+00:00,2025-06-19 00:00:00+00:00,2025-06-19 15:50:09+00:00
Wakeup,tXvgpOA_ia4,"WAKE-UP 247 x MANCHESTER CITY | ĐẬP TAN LỜ ĐỜ UỂ OẢI, DŨNG MÃNH VƯỢT LÊN",Nước tăng lực vị cà phê Wake-up 247,2025-05-19T08:28:14Z,27919821,235,28,@hunterlogic69,Mua full chai r,2,2025-06-19T03:19:57Z,mua full chai r,neutral,0.0,2025-06-19 03:19:57+00:00,2025-06-19 00:00:00+00:00,2025-06-19 03:19:57+00:00
Wakeup,tXvgpOA_ia4,"WAKE-UP 247 x MANCHESTER CITY | ĐẬP TAN LỜ ĐỜ UỂ OẢI, DŨNG MÃNH VƯỢT LÊN",Nước tăng lực vị cà phê Wake-up 247,2025-05-19T08:28:14Z,27919821,235,28,@HeuTrung-h6p,"😱3 tuần 12M view, hơn cả MV nổi tiếng nữa",5,2025-06-16T01:01:14Z,3 tuần 12m view hơn cả mv nổi tiếng nữa,neutral,0.0,2025-06-16 01:01:14+00:00,2025-06-16 00:00:00+00:00,2025-06-16 01:01:14+00:00
Wakeup,tXvgpOA_ia4,"WAKE-UP 247 x MANCHESTER CITY | ĐẬP TAN LỜ ĐỜ UỂ OẢI, DŨNG MÃNH VƯỢT LÊN",Nước tăng lực vị cà phê Wake-up 247,2025-05-19T08:28:14Z,27919821,235,28,@quangha2206,Ủng hộ sản phẩm nước nhà,12,2025-06-09T17:04:23Z,ủng hộ sản phẩm nước nhà,positive,0.0,2025-06-09 17:04:23+00:00,2025-06-09 00:00:00+00:00,2025-06-09 17:04:23+00:00
Wakeup,tXvgpOA_ia4,"WAKE-UP 247 x MANCHESTER CITY | ĐẬP TAN LỜ ĐỜ UỂ OẢI, DŨNG MÃNH VƯỢT LÊN",Nước tăng lực vị cà phê Wake-up 247,2025-05-19T08:28:14Z,27919821,235,28,@thaoluong2891,Sao ra ngoài cửa hàng ko có,4,2025-06-07T16:42:33Z,sao ra ngoài cửa hàng ko có,neutral,0.0,2025-06-07 16:42:33+00:00,2025-06-07 00:00:00+00:00,2025-06-07 16:42:33+00:00
Wakeup,gCRj4Ve68x4,"WAKE-UP 247 x MANCHESTER CITY | ĐẬP TAN LỜ ĐỜ UỂ OẢI, DŨNG MÃNH VƯỢT LÊN 6s",Nước tăng lực vị cà phê Wake-up 247,2025-07-10T04:17:33Z,8084,21,13,@02.nguyenbaduyanh41,sao không tài trợ cho Mu vậy,0,2025-11-08T14:33:43Z,sao không tài trợ cho mu vậy,neutral,0.0,2025-11-08 14:33:43+00:00,2025-11-08 00:00:00+00:00,2025-11-08 14:33:43+00:00
Wakeup,gCRj4Ve68x4,"WAKE-UP 247 x MANCHESTER CITY | ĐẬP TAN LỜ ĐỜ UỂ OẢI, DŨNG MÃNH VƯỢT LÊN 6s",Nước tăng lực vị cà phê Wake-up 247,2025-07-10T04:17:33Z,8084,21,13,@huuduy2823,con gà đâu 🐔,0,2025-11-08T14:12:51Z,con gà đâu,neutral,0.0,2025-11-08 14:12:51+00:00,2025-11-08 00:00:00+00:00,2025-11-08 14:12:51+00:00
Wakeup,gCRj4Ve68x4,"WAKE-UP 247 x MANCHESTER CITY | ĐẬP TAN LỜ ĐỜ UỂ OẢI, DŨNG MÃNH VƯỢT LÊN 6s",Nước tăng lực vị cà phê Wake-up 247,2025-07-10T04:17:33Z,8084,21,13,@huuduy2823,like đi,0,2025-11-08T14:12:28Z,like đi,positive,0.0,2025-11-08 14:12:28+00:00,2025-11-08 00:00:00+00:00,2025-11-08 14:12:28+00:00
Wakeup,gCRj4Ve68x4,"WAKE-UP 247 x MANCHESTER CITY | ĐẬP TAN LỜ ĐỜ UỂ OẢI, DŨNG MÃNH VƯỢT LÊN 6s",Nước tăng lực vị cà phê Wake-up 247,2025-07-10T04:17:33Z,8084,21,13,@huuduy2823,xem mạnh lên,0,2025-11-08T14:12:12Z,xem mạnh lên,neutral,0.0,2025-11-08 14:12:12+00:00,2025-11-08 00:00:00+00:00,2025-11-08 14:12:12+00:00
Wakeup,gCRj4Ve68x4,"WAKE-UP 247 x MANCHESTER CITY | ĐẬP TAN LỜ ĐỜ UỂ OẢI, DŨNG MÃNH VƯỢT LÊN 6s",Nước tăng lực vị cà phê Wake-up 247,2025-07-10T04:17:33Z,8084,21,13,@huuduy2823,video này cùi vl vậy có 8n lượt xem sao đủ ptich?,0,2025-11-08T14:11:57Z,video này cùi vl vậy có 8n lượt xem sao đủ ptich,negative,0.0,2025-11-08 14:11:57+00:00,2025-11-08 00:00:00+00:00,2025-11-08 14:11:57+00:00
Wakeup,gCRj4Ve68x4,"WAKE-UP 247 x MANCHESTER CITY | ĐẬP TAN LỜ ĐỜ UỂ OẢI, DŨNG MÃNH VƯỢT LÊN 6s",Nước tăng lực vị cà phê Wake-up 247,2025-07-10T04:17:33Z,8084,21,13,@huuduy2823,Trình Haaland ,0,2025-11-08T13:47:53Z,trình haaland,neutral,0.0,2025-11-08 13:47:53+00:00,2025-11-08 00:00:00+00:00,2025-11-08 13:47:53+00:00
Wakeup,gCRj4Ve68x4,"WAKE-UP 247 x MANCHESTER CITY | ĐẬP TAN LỜ ĐỜ UỂ OẢI, DŨNG MÃNH VƯỢT LÊN 6s",Nước tăng lực vị cà phê Wake-up 247,2025-07-10T04:17:33Z,8084,21,13,@huuduy2823,Wake-Up 247,0,2025-11-08T13:45:20Z,wakeup 247,neutral,0.0,2025-11-08 13:45:20+00:00,2025-11-08 00:00:00+00:00,2025-11-08 13:45:20+00:00
Wakeup,gCRj4Ve68x4,"WAKE-UP 247 x MANCHESTER CITY | ĐẬP TAN LỜ ĐỜ UỂ OẢI, DŨNG MÃNH VƯỢT LÊN 6s",Nước tăng lực vị cà phê Wake-up 247,2025-07-10T04:17:33Z,8084,21,13,@huuduy2823,Wake-Up 247 kết hợp cùng Manchester City,0,2025-11-08T13:45:08Z,wakeup 247 kết hợp cùng manchester city,positive,0.0,2025-11-08 13:45:08+00:00,2025-11-08 00:00:00+00:00,2025-11-08 13:45:08+00:00
Wakeup,gCRj4Ve68x4,"WAKE-UP 247 x MANCHESTER CITY | ĐẬP TAN LỜ ĐỜ UỂ OẢI, DŨNG MÃNH VƯỢT LÊN 6s",Nước tăng lực vị cà phê Wake-up 247,2025-07-10T04:17:33Z,8084,21,13,@huuduy2823,Ngon,0,2025-11-08T13:44:56Z,ngon,positive,0.0,2025-11-08 13:44:56+00:00,2025-11-08 00:00:00+00:00,2025-11-08 13:44:56+00:00
Wakeup,gCRj4Ve68x4,"WAKE-UP 247 x MANCHESTER CITY | ĐẬP TAN LỜ ĐỜ UỂ OẢI, DŨNG MÃNH VƯỢT LÊN 6s",Nước tăng lực vị cà phê Wake-up 247,2025-07-10T04:17:33Z,8084,21,13,@MinoPlí,Quảng cáo 247 song rồi quảng cáo  sting nữa nhà 😂😂,1,2025-07-22T08:31:58Z,quảng cáo 247 song rồi quảng cáo sting nữa nhà 😂😂,negative,0.0124,2025-07-22 08:31:58+00:00,2025-07-22 00:00:00+00:00,2025-07-22 08:31:58+00:00
Wakeup,gCRj4Ve68x4,"WAKE-UP 247 x MANCHESTER CITY | ĐẬP TAN LỜ ĐỜ UỂ OẢI, DŨNG MÃNH VƯỢT LÊN 6s",Nước tăng lực vị cà phê Wake-up 247,2025-07-10T04:17:33Z,8084,21,13,@meoden5278,sao nhìn nó cứ AI thế nhỉ :/,1,2025-07-11T16:29:25Z,sao nhìn nó cứ ai thế nhỉ,negative,0.0124,2025-07-11 16:29:25+00:00,2025-07-11 00:00:00+00:00,2025-07-11 16:29:25+00:00
Wakeup,gCRj4Ve68x4,"WAKE-UP 247 x MANCHESTER CITY | ĐẬP TAN LỜ ĐỜ UỂ OẢI, DŨNG MÃNH VƯỢT LÊN 6s",Nước tăng lực vị cà phê Wake-up 247,2025-07-10T04:17:33Z,8084,21,13,@GiaBaoLuu-cm1vd,Hãy như Haaland nghe chưa!!,3,2025-07-10T09:14:55Z,hãy như haaland nghe chưa,neutral,0.0371,2025-07-10 09:14:55+00:00,2025-07-10 00:00:00+00:00,2025-07-10 09:14:55+00:00
Wakeup,5oCH53YzdH0,"WAKE-UP 247 x MANCHESTER CITY | ĐẬP TAN LỜ ĐỜ UỂ OẢI, DŨNG MÃNH VƯỢT LÊN 36s",Nước tăng lực vị cà phê Wake-up 247,2025-07-10T04:52:36Z,7754850,167,14,@02.nguyenbaduyanh41,ngon thí,0,2025-11-08T14:33:02Z,ngon thí,positive,0.0,2025-11-08 14:33:02+00:00,2025-11-08 00:00:00+00:00,2025-11-08 14:33:02+00:00
Wakeup,5oCH53YzdH0,"WAKE-UP 247 x MANCHESTER CITY | ĐẬP TAN LỜ ĐỜ UỂ OẢI, DŨNG MÃNH VƯỢT LÊN 36s",Nước tăng lực vị cà phê Wake-up 247,2025-07-10T04:52:36Z,7754850,167,14,@huuduy2823,đập tan lờ đờ uể oải,0,2025-11-08T13:59:59Z,đập tan lờ đờ uể oải,negative,0.0,2025-11-08 13:59:59+00:00,2025-11-08 00:00:00+00:00,2025-11-08 13:59:59+00:00
Wakeup,5oCH53YzdH0,"WAKE-UP 247 x MANCHESTER CITY | ĐẬP TAN LỜ ĐỜ UỂ OẢI, DŨNG MÃNH VƯỢT LÊN 36s",Nước tăng lực vị cà phê Wake-up 247,2025-07-10T04:52:36Z,7754850,167,14,@huuduy2823,2 thg kia tên gì quên r,0,2025-11-08T13:59:39Z,2 thg kia tên gì quên r,neutral,0.0,2025-11-08 13:59:39+00:00,2025-11-08 00:00:00+00:00,2025-11-08 13:59:39+00:00
Wakeup,5oCH53YzdH0,"WAKE-UP 247 x MANCHESTER CITY | ĐẬP TAN LỜ ĐỜ UỂ OẢI, DŨNG MÃNH VƯỢT LÊN 36s",Nước tăng lực vị cà phê Wake-up 247,2025-07-10T04:52:36Z,7754850,167,14,@huuduy2823,Haaland,0,2025-11-08T13:59:21Z,haaland,neutral,0.0,2025-11-08 13:59:21+00:00,2025-11-08 00:00:00+00:00,2025-11-08 13:59:21+00:00
Wakeup,5oCH53YzdH0,"WAKE-UP 247 x MANCHESTER CITY | ĐẬP TAN LỜ ĐỜ UỂ OẢI, DŨNG MÃNH VƯỢT LÊN 36s",Nước tăng lực vị cà phê Wake-up 247,2025-07-10T04:52:36Z,7754850,167,14,@Besyvn,Có dấu hiệu var nhưng wakeup vẫn rất ngon,0,2025-11-08T13:55:07Z,có dấu hiệu var nhưng wakeup vẫn rất ngon,neutral,0.0,2025-11-08 13:55:07+00:00,2025-11-08 00:00:00+00:00,2025-11-08 13:55:07+00:00
Wakeup,5oCH53YzdH0,"WAKE-UP 247 x MANCHESTER CITY | ĐẬP TAN LỜ ĐỜ UỂ OẢI, DŨNG MÃNH VƯỢT LÊN 36s",Nước tăng lực vị cà phê Wake-up 247,2025-07-10T04:52:36Z,7754850,167,14,@huuduy2823,Manchester City,0,2025-11-08T13:49:46Z,manchester city,neutral,0.0,2025-11-08 13:49:46+00:00,2025-11-08 00:00:00+00:00,2025-11-08 13:49:46+00:00
Wakeup,5oCH53YzdH0,"WAKE-UP 247 x MANCHESTER CITY | ĐẬP TAN LỜ ĐỜ UỂ OẢI, DŨNG MÃNH VƯỢT LÊN 36s",Nước tăng lực vị cà phê Wake-up 247,2025-07-10T04:52:36Z,7754850,167,14,@huuduy2823,Wake-Up,0,2025-11-08T13:49:34Z,wakeup,neutral,0.0,2025-11-08 13:49:34+00:00,2025-11-08 00:00:00+00:00,2025-11-08 13:49:34+00:00
Wakeup,5oCH53YzdH0,"WAKE-UP 247 x MANCHESTER CITY | ĐẬP TAN LỜ ĐỜ UỂ OẢI, DŨNG MÃNH VƯỢT LÊN 36s",Nước tăng lực vị cà phê Wake-up 247,2025-07-10T04:52:36Z,7754850,167,14,@huuduy2823,quá ngon ,0,2025-11-08T13:49:19Z,quá ngon,positive,0.0,2025-11-08 13:49:19+00:00,2025-11-08 00:00:00+00:00,2025-11-08 13:49:19+00:00
Wakeup,5oCH53YzdH0,"WAKE-UP 247 x MANCHESTER CITY | ĐẬP TAN LỜ ĐỜ UỂ OẢI, DŨNG MÃNH VƯỢT LÊN 36s",Nước tăng lực vị cà phê Wake-up 247,2025-07-10T04:52:36Z,7754850,167,14,@huuduy2823,36s ? var,0,2025-11-08T13:48:46Z,36s var,negative,0.0,2025-11-08 13:48:46+00:00,2025-11-08 00:00:00+00:00,2025-11-08 13:48:46+00:00
Wakeup,5oCH53YzdH0,"WAKE-UP 247 x MANCHESTER CITY | ĐẬP TAN LỜ ĐỜ UỂ OẢI, DŨNG MÃNH VƯỢT LÊN 36s",Nước tăng lực vị cà phê Wake-up 247,2025-07-10T04:52:36Z,7754850,167,14,@Vivaldi-z5m,Cak,0,2025-10-13T13:35:14Z,cak,neutral,0.0,2025-10-13 13:35:14+00:00,2025-10-13 00:00:00+00:00,2025-10-13 13:35:14+00:00
Wakeup,5oCH53YzdH0,"WAKE-UP 247 x MANCHESTER CITY | ĐẬP TAN LỜ ĐỜ UỂ OẢI, DŨNG MÃNH VƯỢT LÊN 36s",Nước tăng lực vị cà phê Wake-up 247,2025-07-10T04:52:36Z,7754850,167,14,@muidautay,0:19 0:20,0,2025-08-08T01:55:01Z,019 020,neutral,0.0,2025-08-08 01:55:01+00:00,2025-08-08 00:00:00+00:00,2025-08-08 01:55:01+00:00
Wakeup,5oCH53YzdH0,"WAKE-UP 247 x MANCHESTER CITY | ĐẬP TAN LỜ ĐỜ UỂ OẢI, DŨNG MÃNH VƯỢT LÊN 36s",Nước tăng lực vị cà phê Wake-up 247,2025-07-10T04:52:36Z,7754850,167,14,@GiaBaoLuu-cm1vd,"Haaland quá ngầu, năm nay uống wake-up247 năm sau vua phá lưới ngoại hạng Anh",3,2025-07-24T01:14:24Z,haaland quá ngầu năm nay uống wakeup247 năm sau vua phá lưới ngoại hạng anh,neutral,0.0,2025-07-24 01:14:24+00:00,2025-07-24 00:00:00+00:00,2025-07-24 01:14:24+00:00
Wakeup,5oCH53YzdH0,"WAKE-UP 247 x MANCHESTER CITY | ĐẬP TAN LỜ ĐỜ UỂ OẢI, DŨNG MÃNH VƯỢT LÊN 36s",Nước tăng lực vị cà phê Wake-up 247,2025-07-10T04:52:36Z,7754850,167,14,@chernobyl-c1g,Uống ngon quá,0,2025-07-18T05:02:41Z,uống ngon quá,positive,0.0,2025-07-18 05:02:41+00:00,2025-07-18 00:00:00+00:00,2025-07-18 05:02:41+00:00
Wakeup,5oCH53YzdH0,"WAKE-UP 247 x MANCHESTER CITY | ĐẬP TAN LỜ ĐỜ UỂ OẢI, DŨNG MÃNH VƯỢT LÊN 36s",Nước tăng lực vị cà phê Wake-up 247,2025-07-10T04:52:36Z,7754850,167,14,@haihuynhhong7027,hayyyy,1,2025-07-11T11:00:18Z,hayyyy,neutral,0.0,2025-07-11 11:00:18+00:00,2025-07-11 00:00:00+00:00,2025-07-11 11:00:18+00:00
Wakeup,Do4H--VC8Lg,"WAKE-UP 247 x MANCHESTER CITY | ĐẬP TAN LỜ ĐỜ UỂ OẢI, DŨNG MÃNH VƯỢT LÊN! 36s",Nước tăng lực vị cà phê Wake-up 247,2025-08-07T08:49:39Z,10700978,12,16,@02.nguyenbaduyanh41,"Cần tỉnh đâu chi cà phê, Wake-up 247 là đủ",0,2025-11-08T14:32:51Z,cần tỉnh đâu chi cà phê wakeup 247 là đủ,neutral,0.0,2025-11-08 14:32:51+00:00,2025-11-08 00:00:00+00:00,2025-11-08 14:32:51+00:00
Wakeup,Do4H--VC8Lg,"WAKE-UP 247 x MANCHESTER CITY | ĐẬP TAN LỜ ĐỜ UỂ OẢI, DŨNG MÃNH VƯỢT LÊN! 36s",Nước tăng lực vị cà phê Wake-up 247,2025-08-07T08:49:39Z,10700978,12,16,@02.nguyenbaduyanh41,tài trợ Mu thì uống,0,2025-11-08T14:27:03Z,tài trợ mu thì uống,neutral,0.0,2025-11-08 14:27:03+00:00,2025-11-08 00:00:00+00:00,2025-11-08 14:27:03+00:00
Wakeup,Do4H--VC8Lg,"WAKE-UP 247 x MANCHESTER CITY | ĐẬP TAN LỜ ĐỜ UỂ OẢI, DŨNG MÃNH VƯỢT LÊN! 36s",Nước tăng lực vị cà phê Wake-up 247,2025-08-07T08:49:39Z,10700978,12,16,@02.nguyenbaduyanh41,ngon thí,0,2025-11-08T14:26:44Z,ngon thí,positive,0.0,2025-11-08 14:26:44+00:00,2025-11-08 00:00:00+00:00,2025-11-08 14:26:44+00:00
Wakeup,Do4H--VC8Lg,"WAKE-UP 247 x MANCHESTER CITY | ĐẬP TAN LỜ ĐỜ UỂ OẢI, DŨNG MÃNH VƯỢT LÊN! 36s",Nước tăng lực vị cà phê Wake-up 247,2025-08-07T08:49:39Z,10700978,12,16,@huuduy2823,vua tùng dịch cũng đã uống WakeUp đập tan lờ đờ uể oải,0,2025-11-08T14:10:54Z,vua tùng dịch cũng đã uống wakeup đập tan lờ đờ uể oải,negative,0.0,2025-11-08 14:10:54+00:00,2025-11-08 00:00:00+00:00,2025-11-08 14:10:54+00:00
Wakeup,Do4H--VC8Lg,"WAKE-UP 247 x MANCHESTER CITY | ĐẬP TAN LỜ ĐỜ UỂ OẢI, DŨNG MÃNH VƯỢT LÊN! 36s",Nước tăng lực vị cà phê Wake-up 247,2025-08-07T08:49:39Z,10700978,12,16,@huuduy2823,besy vũ uống WakeUp 247 đập tan lờ đờ uể oải,0,2025-11-08T14:10:42Z,besy vũ uống wakeup 247 đập tan lờ đờ uể oải,negative,0.0,2025-11-08 14:10:42+00:00,2025-11-08 00:00:00+00:00,2025-11-08 14:10:42+00:00
Wakeup,Do4H--VC8Lg,"WAKE-UP 247 x MANCHESTER CITY | ĐẬP TAN LỜ ĐỜ UỂ OẢI, DŨNG MÃNH VƯỢT LÊN! 36s",Nước tăng lực vị cà phê Wake-up 247,2025-08-07T08:49:39Z,10700978,12,16,@huuduy2823,"đỉnh, đỉnh xuất ta",0,2025-11-08T14:02:21Z,đỉnh đỉnh xuất ta,positive,0.0,2025-11-08 14:02:21+00:00,2025-11-08 00:00:00+00:00,2025-11-08 14:02:21+00:00
Wakeup,Do4H--VC8Lg,"WAKE-UP 247 x MANCHESTER CITY | ĐẬP TAN LỜ ĐỜ UỂ OẢI, DŨNG MÃNH VƯỢT LÊN! 36s",Nước tăng lực vị cà phê Wake-up 247,2025-08-07T08:49:39Z,10700978,12,16,@huuduy2823,Sướng ,0,2025-11-08T14:01:58Z,sướng,positive,0.0,2025-11-08 14:01:58+00:00,2025-11-08 00:00:00+00:00,2025-11-08 14:01:58+00:00
Wakeup,Do4H--VC8Lg,"WAKE-UP 247 x MANCHESTER CITY | ĐẬP TAN LỜ ĐỜ UỂ OẢI, DŨNG MÃNH VƯỢT LÊN! 36s",Nước tăng lực vị cà phê Wake-up 247,2025-08-07T08:49:39Z,10700978,12,16,@huuduy2823,Ngon,0,2025-11-08T14:01:35Z,ngon,positive,0.0,2025-11-08 14:01:35+00:00,2025-11-08 00:00:00+00:00,2025-11-08 14:01:35+00:00
Wakeup,Do4H--VC8Lg,"WAKE-UP 247 x MANCHESTER CITY | ĐẬP TAN LỜ ĐỜ UỂ OẢI, DŨNG MÃNH VƯỢT LÊN! 36s",Nước tăng lực vị cà phê Wake-up 247,2025-08-07T08:49:39Z,10700978,12,16,@huuduy2823,Đã,0,2025-11-08T14:01:29Z,đã,positive,0.0,2025-11-08 14:01:29+00:00,2025-11-08 00:00:00+00:00,2025-11-08 14:01:29+00:00
Wakeup,Do4H--VC8Lg,"WAKE-UP 247 x MANCHESTER CITY | ĐẬP TAN LỜ ĐỜ UỂ OẢI, DŨNG MÃNH VƯỢT LÊN! 36s",Nước tăng lực vị cà phê Wake-up 247,2025-08-07T08:49:39Z,10700978,12,16,@huuduy2823,dũng mãnh vượt lên,0,2025-11-08T14:01:24Z,dũng mãnh vượt lên,positive,0.0,2025-11-08 14:01:24+00:00,2025-11-08 00:00:00+00:00,2025-11-08 14:01:24+00:00
Wakeup,Do4H--VC8Lg,"WAKE-UP 247 x MANCHESTER CITY | ĐẬP TAN LỜ ĐỜ UỂ OẢI, DŨNG MÃNH VƯỢT LÊN! 36s",Nước tăng lực vị cà phê Wake-up 247,2025-08-07T08:49:39Z,10700978,12,16,@huuduy2823,"Nước tăng lực Wake-Up 247 kết hợp cùng Manchester City ra mắt bộ sản phẩm nước tăng lực mới giúp bạn đập tan lờ đờ uể oải, dũng mãnh vượt lên chinh phục mọi hành trình!",0,2025-11-08T14:00:55Z,nước tăng lực wakeup 247 kết hợp cùng manchester city ra mắt bộ sản phẩm nước tăng lực mới giúp bạn đập tan lờ đờ uể oải dũng mãnh vượt lên chinh phục mọi hành trình,positive,0.0,2025-11-08 14:00:55+00:00,2025-11-08 00:00:00+00:00,2025-11-08 14:00:55+00:00
Wakeup,Do4H--VC8Lg,"WAKE-UP 247 x MANCHESTER CITY | ĐẬP TAN LỜ ĐỜ UỂ OẢI, DŨNG MÃNH VƯỢT LÊN! 36s",Nước tăng lực vị cà phê Wake-up 247,2025-08-07T08:49:39Z,10700978,12,16,@huuduy2823,"ĐẬP TAN LỜ ĐỜ UỂ OẢI, DŨNG MÃNH VƯỢT LÊN! 36s var",0,2025-11-08T14:00:37Z,đập tan lờ đờ uể oải dũng mãnh vượt lên 36s var,negative,0.0,2025-11-08 14:00:37+00:00,2025-11-08 00:00:00+00:00,2025-11-08 14:00:37+00:00
Wakeup,Do4H--VC8Lg,"WAKE-UP 247 x MANCHESTER CITY | ĐẬP TAN LỜ ĐỜ UỂ OẢI, DŨNG MÃNH VƯỢT LÊN! 36s",Nước tăng lực vị cà phê Wake-up 247,2025-08-07T08:49:39Z,10700978,12,16,@Besyvn,đỉnh vl,0,2025-11-08T13:54:34Z,đỉnh vl,positive,0.0,2025-11-08 13:54:34+00:00,2025-11-08 00:00:00+00:00,2025-11-08 13:54:34+00:00
Wakeup,Do4H--VC8Lg,"WAKE-UP 247 x MANCHESTER CITY | ĐẬP TAN LỜ ĐỜ UỂ OẢI, DŨNG MÃNH VƯỢT LÊN! 36s",Nước tăng lực vị cà phê Wake-up 247,2025-08-07T08:49:39Z,10700978,12,16,@Besyvn,MU vô địch ! Wake Up tuyệt vời ông mặt trời,0,2025-11-08T13:54:29Z,mu vô địch wake up tuyệt vời ông mặt trời,positive,0.0,2025-11-08 13:54:29+00:00,2025-11-08 00:00:00+00:00,2025-11-08 13:54:29+00:00
Wakeup,Do4H--VC8Lg,"WAKE-UP 247 x MANCHESTER CITY | ĐẬP TAN LỜ ĐỜ UỂ OẢI, DŨNG MÃNH VƯỢT LÊN! 36s",Nước tăng lực vị cà phê Wake-up 247,2025-08-07T08:49:39Z,10700978,12,16,@sonpham2947,🐁🐂🐅🐈🐉🐍🐎🐐🐒🐓🦮🐖,1,2025-09-24T10:40:58Z,,neutral,0.0,2025-09-24 10:40:58+00:00,2025-09-24 00:00:00+00:00,2025-09-24 10:40:58+00:00
Wakeup,Do4H--VC8Lg,"WAKE-UP 247 x MANCHESTER CITY | ĐẬP TAN LỜ ĐỜ UỂ OẢI, DŨNG MÃNH VƯỢT LÊN! 36s",Nước tăng lực vị cà phê Wake-up 247,2025-08-07T08:49:39Z,10700978,12,16,@GiaBaoLuu-cm1vd,"Năm nay uống wake-up 247 Latte, năm sau vua phá lưới Manchester",3,2025-08-08T02:46:39Z,năm nay uống wakeup 247 latte năm sau vua phá lưới manchester,neutral,0.0,2025-08-08 02:46:39+00:00,2025-08-08 00:00:00+00:00,2025-08-08 02:46:39+00:00
Wakeup,ZXq7qXkyDYQ,"WAKE-UP 247 x MANCHESTER CITY | ĐẬP TAN LỜ ĐỜ UỂ OẢI, DŨNG MÃNH VƯỢT LÊN!",Nước tăng lực vị cà phê Wake-up 247,2025-08-07T08:49:47Z,9943856,26,14,@02.nguyenbaduyanh41,Chắc phải làm 1 lon mới đủ tỉnh để làm deadline,0,2025-11-08T14:32:40Z,chắc phải làm 1 lon mới đủ tỉnh để làm deadline,neutral,0.0,2025-11-08 14:32:40+00:00,2025-11-08 00:00:00+00:00,2025-11-08 14:32:40+00:00
Wakeup,ZXq7qXkyDYQ,"WAKE-UP 247 x MANCHESTER CITY | ĐẬP TAN LỜ ĐỜ UỂ OẢI, DŨNG MÃNH VƯỢT LÊN!",Nước tăng lực vị cà phê Wake-up 247,2025-08-07T08:49:47Z,9943856,26,14,@02.nguyenbaduyanh41,City x Wake-up 247 = combo tỉnh táo + tốc độ 💥,0,2025-11-08T14:31:15Z,city x wakeup 247 combo tỉnh táo tốc độ,positive,0.0,2025-11-08 14:31:15+00:00,2025-11-08 00:00:00+00:00,2025-11-08 14:31:15+00:00
Wakeup,ZXq7qXkyDYQ,"WAKE-UP 247 x MANCHESTER CITY | ĐẬP TAN LỜ ĐỜ UỂ OẢI, DŨNG MÃNH VƯỢT LÊN!",Nước tăng lực vị cà phê Wake-up 247,2025-08-07T08:49:47Z,9943856,26,14,@huuduy2823,Ngon lun,0,2025-11-08T14:09:52Z,ngon lun,positive,0.0,2025-11-08 14:09:52+00:00,2025-11-08 00:00:00+00:00,2025-11-08 14:09:52+00:00
Wakeup,ZXq7qXkyDYQ,"WAKE-UP 247 x MANCHESTER CITY | ĐẬP TAN LỜ ĐỜ UỂ OẢI, DŨNG MÃNH VƯỢT LÊN!",Nước tăng lực vị cà phê Wake-up 247,2025-08-07T08:49:47Z,9943856,26,14,@huuduy2823,nước tăng lực,0,2025-11-08T14:09:39Z,nước tăng lực,neutral,0.0,2025-11-08 14:09:39+00:00,2025-11-08 00:00:00+00:00,2025-11-08 14:09:39+00:00
Wakeup,ZXq7qXkyDYQ,"WAKE-UP 247 x MANCHESTER CITY | ĐẬP TAN LỜ ĐỜ UỂ OẢI, DŨNG MÃNH VƯỢT LÊN!",Nước tăng lực vị cà phê Wake-up 247,2025-08-07T08:49:47Z,9943856,26,14,@huuduy2823,Nước tăng lực Wake-Up 247 kết hợp cùng Manchester City,0,2025-11-08T14:04:25Z,nước tăng lực wakeup 247 kết hợp cùng manchester city,positive,0.0,2025-11-08 14:04:25+00:00,2025-11-08 00:00:00+00:00,2025-11-08 14:04:25+00:00
Wakeup,ZXq7qXkyDYQ,"WAKE-UP 247 x MANCHESTER CITY | ĐẬP TAN LỜ ĐỜ UỂ OẢI, DŨNG MÃNH VƯỢT LÊN!",Nước tăng lực vị cà phê Wake-up 247,2025-08-07T08:49:47Z,9943856,26,14,@huuduy2823,Trình Haaland!,0,2025-11-08T14:04:00Z,trình haaland,neutral,0.0,2025-11-08 14:04:00+00:00,2025-11-08 00:00:00+00:00,2025-11-08 14:04:00+00:00
Wakeup,ZXq7qXkyDYQ,"WAKE-UP 247 x MANCHESTER CITY | ĐẬP TAN LỜ ĐỜ UỂ OẢI, DŨNG MÃNH VƯỢT LÊN!",Nước tăng lực vị cà phê Wake-up 247,2025-08-07T08:49:47Z,9943856,26,14,@huuduy2823,uống có tiểu đường k,0,2025-11-08T14:03:50Z,uống có tiểu đường k,negative,0.0,2025-11-08 14:03:50+00:00,2025-11-08 00:00:00+00:00,2025-11-08 14:03:50+00:00
Wakeup,ZXq7qXkyDYQ,"WAKE-UP 247 x MANCHESTER CITY | ĐẬP TAN LỜ ĐỜ UỂ OẢI, DŨNG MÃNH VƯỢT LÊN!",Nước tăng lực vị cà phê Wake-up 247,2025-08-07T08:49:47Z,9943856,26,14,@huuduy2823,sản phẩm ngon,0,2025-11-08T14:03:42Z,sản phẩm ngon,positive,0.0,2025-11-08 14:03:42+00:00,2025-11-08 00:00:00+00:00,2025-11-08 14:03:42+00:00
Wakeup,ZXq7qXkyDYQ,"WAKE-UP 247 x MANCHESTER CITY | ĐẬP TAN LỜ ĐỜ UỂ OẢI, DŨNG MÃNH VƯỢT LÊN!",Nước tăng lực vị cà phê Wake-up 247,2025-08-07T08:49:47Z,9943856,26,14,@huuduy2823,tôi cũng thích wakeUp,0,2025-11-08T14:03:16Z,tôi cũng thích wakeup,positive,0.0,2025-11-08 14:03:16+00:00,2025-11-08 00:00:00+00:00,2025-11-08 14:03:16+00:00
Wakeup,ZXq7qXkyDYQ,"WAKE-UP 247 x MANCHESTER CITY | ĐẬP TAN LỜ ĐỜ UỂ OẢI, DŨNG MÃNH VƯỢT LÊN!",Nước tăng lực vị cà phê Wake-up 247,2025-08-07T08:49:47Z,9943856,26,14,@Besyvn,Tôi thích WakeUp,0,2025-11-08T13:54:03Z,tôi thích wakeup,positive,0.0,2025-11-08 13:54:03+00:00,2025-11-08 00:00:00+00:00,2025-11-08 13:54:03+00:00
Wakeup,ZXq7qXkyDYQ,"WAKE-UP 247 x MANCHESTER CITY | ĐẬP TAN LỜ ĐỜ UỂ OẢI, DŨNG MÃNH VƯỢT LÊN!",Nước tăng lực vị cà phê Wake-up 247,2025-08-07T08:49:47Z,9943856,26,14,@HaMa-sq7rd,😎😎😎😎😎😎😎😎😎😎😎😎😎😎😎😎😎😎😎😎😎😎,1,2025-09-20T05:35:01Z,,neutral,0.0,2025-09-20 05:35:01+00:00,2025-09-20 00:00:00+00:00,2025-09-20 05:35:01+00:00
Wakeup,ZXq7qXkyDYQ,"WAKE-UP 247 x MANCHESTER CITY | ĐẬP TAN LỜ ĐỜ UỂ OẢI, DŨNG MÃNH VƯỢT LÊN!",Nước tăng lực vị cà phê Wake-up 247,2025-08-07T08:49:47Z,9943856,26,14,@sonpham2947,🐁🐂🐅🐈🐉🐍🐎🐐🐒🐓🦮🐖,1,2025-09-18T09:36:10Z,,neutral,0.0,2025-09-18 09:36:10+00:00,2025-09-18 00:00:00+00:00,2025-09-18 09:36:10+00:00
Wakeup,ZXq7qXkyDYQ,"WAKE-UP 247 x MANCHESTER CITY | ĐẬP TAN LỜ ĐỜ UỂ OẢI, DŨNG MÃNH VƯỢT LÊN!",Nước tăng lực vị cà phê Wake-up 247,2025-08-07T08:49:47Z,9943856,26,14,@qenqen-i2x,phê ddc  m nhà m,1,2025-08-14T04:31:25Z,phê ddc m nhà m,neutral,0.0,2025-08-14 04:31:25+00:00,2025-08-14 00:00:00+00:00,2025-08-14 04:31:25+00:00
Wakeup,MxN6pJJvJ4A,WAKE-UP 247 x MANCHESTER CITY I NƯỚC TĂNG LỰC VÀNG GUARANA MỚI!,Nước tăng lực vị cà phê Wake-up 247,2025-08-12T04:20:50Z,11595189,177,23,@02.nguyenbaduyanh41,Xem mà muốn bật dậy chạy liền luôn,0,2025-11-08T14:31:25Z,xem mà muốn bật dậy chạy liền luôn,neutral,0.0,2025-11-08 14:31:25+00:00,2025-11-08 00:00:00+00:00,2025-11-08 14:31:25+00:00
Wakeup,MxN6pJJvJ4A,WAKE-UP 247 x MANCHESTER CITY I NƯỚC TĂNG LỰC VÀNG GUARANA MỚI!,Nước tăng lực vị cà phê Wake-up 247,2025-08-12T04:20:50Z,11595189,177,23,@02.nguyenbaduyanh41,Xem clip mà thấy mình muốn bứt phá liền luôn,0,2025-11-08T14:31:05Z,xem clip mà thấy mình muốn bứt phá liền luôn,positive,0.0,2025-11-08 14:31:05+00:00,2025-11-08 00:00:00+00:00,2025-11-08 14:31:05+00:00
Wakeup,MxN6pJJvJ4A,WAKE-UP 247 x MANCHESTER CITY I NƯỚC TĂNG LỰC VÀNG GUARANA MỚI!,Nước tăng lực vị cà phê Wake-up 247,2025-08-12T04:20:50Z,11595189,177,23,@02.nguyenbaduyanh41,"Đập tan cơn buồn ngủ, lên mood như Haaland ghi bàn 🔥",0,2025-11-08T14:30:54Z,đập tan cơn buồn ngủ lên mood như haaland ghi bàn 🔥,positive,0.0,2025-11-08 14:30:54+00:00,2025-11-08 00:00:00+00:00,2025-11-08 14:30:54+00:00
Wakeup,MxN6pJJvJ4A,WAKE-UP 247 x MANCHESTER CITY I NƯỚC TĂNG LỰC VÀNG GUARANA MỚI!,Nước tăng lực vị cà phê Wake-up 247,2025-08-12T04:20:50Z,11595189,177,23,@02.nguyenbaduyanh41,Quá cháy luôn 💪☄ năng lượng như City lúc phản công!,0,2025-11-08T14:30:23Z,quá cháy luôn 💪 năng lượng như city lúc phản công,positive,0.0,2025-11-08 14:30:23+00:00,2025-11-08 00:00:00+00:00,2025-11-08 14:30:23+00:00
Wakeup,MxN6pJJvJ4A,WAKE-UP 247 x MANCHESTER CITY I NƯỚC TĂNG LỰC VÀNG GUARANA MỚI!,Nước tăng lực vị cà phê Wake-up 247,2025-08-12T04:20:50Z,11595189,177,23,@02.nguyenbaduyanh41,kết hợp với Mu nữa thì tuyệt vời,0,2025-11-08T14:26:24Z,kết hợp với mu nữa thì tuyệt vời,positive,0.0,2025-11-08 14:26:24+00:00,2025-11-08 00:00:00+00:00,2025-11-08 14:26:24+00:00
Wakeup,MxN6pJJvJ4A,WAKE-UP 247 x MANCHESTER CITY I NƯỚC TĂNG LỰC VÀNG GUARANA MỚI!,Nước tăng lực vị cà phê Wake-up 247,2025-08-12T04:20:50Z,11595189,177,23,@huuduy2823,Haaland,0,2025-11-08T14:08:24Z,haaland,neutral,0.0,2025-11-08 14:08:24+00:00,2025-11-08 00:00:00+00:00,2025-11-08 14:08:24+00:00
Wakeup,MxN6pJJvJ4A,WAKE-UP 247 x MANCHESTER CITY I NƯỚC TĂNG LỰC VÀNG GUARANA MỚI!,Nước tăng lực vị cà phê Wake-up 247,2025-08-12T04:20:50Z,11595189,177,23,@huuduy2823,uống ngon nhưng ko thích lắm,0,2025-11-08T14:07:25Z,uống ngon nhưng ko thích lắm,positive,0.0,2025-11-08 14:07:25+00:00,2025-11-08 00:00:00+00:00,2025-11-08 14:07:25+00:00
Wakeup,MxN6pJJvJ4A,WAKE-UP 247 x MANCHESTER CITY I NƯỚC TĂNG LỰC VÀNG GUARANA MỚI!,Nước tăng lực vị cà phê Wake-up 247,2025-08-12T04:20:50Z,11595189,177,23,@huuduy2823,Manchester City,0,2025-11-08T14:07:11Z,manchester city,neutral,0.0,2025-11-08 14:07:11+00:00,2025-11-08 00:00:00+00:00,2025-11-08 14:07:11+00:00
Wakeup,MxN6pJJvJ4A,WAKE-UP 247 x MANCHESTER CITY I NƯỚC TĂNG LỰC VÀNG GUARANA MỚI!,Nước tăng lực vị cà phê Wake-up 247,2025-08-12T04:20:50Z,11595189,177,23,@huuduy2823,Quảng cáo lắm,0,2025-11-08T14:06:56Z,quảng cáo lắm,negative,0.0,2025-11-08 14:06:56+00:00,2025-11-08 00:00:00+00:00,2025-11-08 14:06:56+00:00
Wakeup,MxN6pJJvJ4A,WAKE-UP 247 x MANCHESTER CITY I NƯỚC TĂNG LỰC VÀNG GUARANA MỚI!,Nước tăng lực vị cà phê Wake-up 247,2025-08-12T04:20:50Z,11595189,177,23,@huuduy2823,WakeUp,0,2025-11-08T14:06:49Z,wakeup,neutral,0.0,2025-11-08 14:06:49+00:00,2025-11-08 00:00:00+00:00,2025-11-08 14:06:49+00:00
Wakeup,MxN6pJJvJ4A,WAKE-UP 247 x MANCHESTER CITY I NƯỚC TĂNG LỰC VÀNG GUARANA MỚI!,Nước tăng lực vị cà phê Wake-up 247,2025-08-12T04:20:50Z,11595189,177,23,@huuduy2823,cà r phê,0,2025-11-08T14:06:39Z,cà r phê,neutral,0.0,2025-11-08 14:06:39+00:00,2025-11-08 00:00:00+00:00,2025-11-08 14:06:39+00:00
Wakeup,MxN6pJJvJ4A,WAKE-UP 247 x MANCHESTER CITY I NƯỚC TĂNG LỰC VÀNG GUARANA MỚI!,Nước tăng lực vị cà phê Wake-up 247,2025-08-12T04:20:50Z,11595189,177,23,@huuduy2823,hạt siêu cà phê,0,2025-11-08T14:06:34Z,hạt siêu cà phê,neutral,0.0,2025-11-08 14:06:34+00:00,2025-11-08 00:00:00+00:00,2025-11-08 14:06:34+00:00
Wakeup,MxN6pJJvJ4A,WAKE-UP 247 x MANCHESTER CITY I NƯỚC TĂNG LỰC VÀNG GUARANA MỚI!,Nước tăng lực vị cà phê Wake-up 247,2025-08-12T04:20:50Z,11595189,177,23,@Besyvn,WakeUp quá ngon! Tôi rất thích,0,2025-11-08T13:53:45Z,wakeup quá ngon tôi rất thích,positive,0.0,2025-11-08 13:53:45+00:00,2025-11-08 00:00:00+00:00,2025-11-08 13:53:45+00:00
Wakeup,MxN6pJJvJ4A,WAKE-UP 247 x MANCHESTER CITY I NƯỚC TĂNG LỰC VÀNG GUARANA MỚI!,Nước tăng lực vị cà phê Wake-up 247,2025-08-12T04:20:50Z,11595189,177,23,@CườngLê-y8r,"duma quảng cáo ít thôi, cứ xem đc 30 giây lại dính quảng cáo 15 giây, quá khó chịu",3,2025-09-10T03:12:15Z,duma quảng cáo ít thôi cứ xem đc 30 giây lại dính quảng cáo 15 giây quá khó chịu,negative,0.0,2025-09-10 03:12:15+00:00,2025-09-10 00:00:00+00:00,2025-09-10 03:12:15+00:00
Wakeup,MxN6pJJvJ4A,WAKE-UP 247 x MANCHESTER CITY I NƯỚC TĂNG LỰC VÀNG GUARANA MỚI!,Nước tăng lực vị cà phê Wake-up 247,2025-08-12T04:20:50Z,11595189,177,23,@HoHoangPhuc-km6le,quảng cáo éo j nhiều vậy ?,2,2025-09-09T15:09:08Z,quảng cáo éo j nhiều vậy,neutral,0.0,2025-09-09 15:09:08+00:00,2025-09-09 00:00:00+00:00,2025-09-09 15:09:08+00:00
Wakeup,MxN6pJJvJ4A,WAKE-UP 247 x MANCHESTER CITY I NƯỚC TĂNG LỰC VÀNG GUARANA MỚI!,Nước tăng lực vị cà phê Wake-up 247,2025-08-12T04:20:50Z,11595189,177,23,@kimhoangphudesignforpassio4024,"coi mấy lần đầu thì cũng ám ảnh 
nhây quá đi mua nước né sợ ko dám mua uống lun 
quảng cáo quá đà bị tác dụng phụ lun",2,2025-09-09T01:41:46Z,coi mấy lần đầu thì cũng ám ảnh nhây quá đi mua nước né sợ ko dám mua uống lun quảng cáo quá đà bị tác dụng phụ lun,negative,0.0,2025-09-09 01:41:46+00:00,2025-09-09 00:00:00+00:00,2025-09-09 01:41:46+00:00
Wakeup,MxN6pJJvJ4A,WAKE-UP 247 x MANCHESTER CITY I NƯỚC TĂNG LỰC VÀNG GUARANA MỚI!,Nước tăng lực vị cà phê Wake-up 247,2025-08-12T04:20:50Z,11595189,177,23,@tnguyen-ph3pl,bà già nhà nó spam ads vãi l,1,2025-09-07T19:40:00Z,bà già nhà nó spam ads vãi l,negative,0.0,2025-09-07 19:40:00+00:00,2025-09-07 00:00:00+00:00,2025-09-07 19:40:00+00:00
Wakeup,MxN6pJJvJ4A,WAKE-UP 247 x MANCHESTER CITY I NƯỚC TĂNG LỰC VÀNG GUARANA MỚI!,Nước tăng lực vị cà phê Wake-up 247,2025-08-12T04:20:50Z,11595189,177,23,@HảiPhòngHùng-f4x,Quảng cáo cái dit me m,2,2025-08-29T05:36:10Z,quảng cáo cái dit me m,negative,0.0,2025-08-29 05:36:10+00:00,2025-08-29 00:00:00+00:00,2025-08-29 05:36:10+00:00
Wakeup,MxN6pJJvJ4A,WAKE-UP 247 x MANCHESTER CITY I NƯỚC TĂNG LỰC VÀNG GUARANA MỚI!,Nước tăng lực vị cà phê Wake-up 247,2025-08-12T04:20:50Z,11595189,177,23,@ブラット_THGOGS25U5G_AoV,Wakeup 247 là nước tăng lực vàng phỏng theo red bull,1,2025-08-27T04:53:15Z,wakeup 247 là nước tăng lực vàng phỏng theo red bull,negative,0.0,2025-08-27 04:53:15+00:00,2025-08-27 00:00:00+00:00,2025-08-27 04:53:15+00:00
Wakeup,MxN6pJJvJ4A,WAKE-UP 247 x MANCHESTER CITY I NƯỚC TĂNG LỰC VÀNG GUARANA MỚI!,Nước tăng lực vị cà phê Wake-up 247,2025-08-12T04:20:50Z,11595189,177,23,@DangHoang-o5r,quảng cáo như l,3,2025-08-19T05:08:30Z,quảng cáo như l,negative,0.0,2025-08-19 05:08:30+00:00,2025-08-19 00:00:00+00:00,2025-08-19 05:08:30+00:00
Wakeup,MxN6pJJvJ4A,WAKE-UP 247 x MANCHESTER CITY I NƯỚC TĂNG LỰC VÀNG GUARANA MỚI!,Nước tăng lực vị cà phê Wake-up 247,2025-08-12T04:20:50Z,11595189,177,23,@sauhuynh7502,😢,7,2025-08-16T10:52:27Z,😢,negative,0.0001,2025-08-16 10:52:27+00:00,2025-08-16 00:00:00+00:00,2025-08-16 10:52:27+00:00
Wakeup,MxN6pJJvJ4A,WAKE-UP 247 x MANCHESTER CITY I NƯỚC TĂNG LỰC VÀNG GUARANA MỚI!,Nước tăng lực vị cà phê Wake-up 247,2025-08-12T04:20:50Z,11595189,177,23,@GiaBaoLuu-cm1vd,Được xem là HẠT SIÊU CÀ PHÊ ☕,17,2025-08-15T03:44:32Z,được xem là hạt siêu cà phê,neutral,0.0001,2025-08-15 03:44:32+00:00,2025-08-15 00:00:00+00:00,2025-08-15 03:44:32+00:00
Wakeup,MxN6pJJvJ4A,WAKE-UP 247 x MANCHESTER CITY I NƯỚC TĂNG LỰC VÀNG GUARANA MỚI!,Nước tăng lực vị cà phê Wake-up 247,2025-08-12T04:20:50Z,11595189,177,23,@02.nguyenbaduyanh41,Xem mà muốn bật dậy chạy liền luôn,0,2025-11-08T14:31:25Z,xem mà muốn bật dậy chạy liền luôn,neutral,0.0,2025-11-08 14:31:25+00:00,2025-11-08 00:00:00+00:00,2025-11-08 14:31:25+00:00
Wakeup,MxN6pJJvJ4A,WAKE-UP 247 x MANCHESTER CITY I NƯỚC TĂNG LỰC VÀNG GUARANA MỚI!,Nước tăng lực vị cà phê Wake-up 247,2025-08-12T04:20:50Z,11595189,177,23,@02.nguyenbaduyanh41,Xem clip mà thấy mình muốn bứt phá liền luôn,0,2025-11-08T14:31:05Z,xem clip mà thấy mình muốn bứt phá liền luôn,positive,0.0,2025-11-08 14:31:05+00:00,2025-11-08 00:00:00+00:00,2025-11-08 14:31:05+00:00
Wakeup,MxN6pJJvJ4A,WAKE-UP 247 x MANCHESTER CITY I NƯỚC TĂNG LỰC VÀNG GUARANA MỚI!,Nước tăng lực vị cà phê Wake-up 247,2025-08-12T04:20:50Z,11595189,177,23,@02.nguyenbaduyanh41,"Đập tan cơn buồn ngủ, lên mood như Haaland ghi bàn 🔥",0,2025-11-08T14:30:54Z,đập tan cơn buồn ngủ lên mood như haaland ghi bàn 🔥,positive,0.0,2025-11-08 14:30:54+00:00,2025-11-08 00:00:00+00:00,2025-11-08 14:30:54+00:00
Wakeup,MxN6pJJvJ4A,WAKE-UP 247 x MANCHESTER CITY I NƯỚC TĂNG LỰC VÀNG GUARANA MỚI!,Nước tăng lực vị cà phê Wake-up 247,2025-08-12T04:20:50Z,11595189,177,23,@02.nguyenbaduyanh41,Quá cháy luôn 💪☄ năng lượng như City lúc phản công!,0,2025-11-08T14:30:23Z,quá cháy luôn 💪 năng lượng như city lúc phản công,positive,0.0,2025-11-08 14:30:23+00:00,2025-11-08 00:00:00+00:00,2025-11-08 14:30:23+00:00
Wakeup,MxN6pJJvJ4A,WAKE-UP 247 x MANCHESTER CITY I NƯỚC TĂNG LỰC VÀNG GUARANA MỚI!,Nước tăng lực vị cà phê Wake-up 247,2025-08-12T04:20:50Z,11595189,177,23,@02.nguyenbaduyanh41,kết hợp với Mu nữa thì tuyệt vời,0,2025-11-08T14:26:24Z,kết hợp với mu nữa thì tuyệt vời,positive,0.0,2025-11-08 14:26:24+00:00,2025-11-08 00:00:00+00:00,2025-11-08 14:26:24+00:00
Wakeup,MxN6pJJvJ4A,WAKE-UP 247 x MANCHESTER CITY I NƯỚC TĂNG LỰC VÀNG GUARANA MỚI!,Nước tăng lực vị cà phê Wake-up 247,2025-08-12T04:20:50Z,11595189,177,23,@huuduy2823,Haaland,0,2025-11-08T14:08:24Z,haaland,neutral,0.0,2025-11-08 14:08:24+00:00,2025-11-08 00:00:00+00:00,2025-11-08 14:08:24+00:00
Wakeup,MxN6pJJvJ4A,WAKE-UP 247 x MANCHESTER CITY I NƯỚC TĂNG LỰC VÀNG GUARANA MỚI!,Nước tăng lực vị cà phê Wake-up 247,2025-08-12T04:20:50Z,11595189,177,23,@huuduy2823,uống ngon nhưng ko thích lắm,0,2025-11-08T14:07:25Z,uống ngon nhưng ko thích lắm,positive,0.0,2025-11-08 14:07:25+00:00,2025-11-08 00:00:00+00:00,2025-11-08 14:07:25+00:00
Wakeup,MxN6pJJvJ4A,WAKE-UP 247 x MANCHESTER CITY I NƯỚC TĂNG LỰC VÀNG GUARANA MỚI!,Nước tăng lực vị cà phê Wake-up 247,2025-08-12T04:20:50Z,11595189,177,23,@huuduy2823,Manchester City,0,2025-11-08T14:07:11Z,manchester city,neutral,0.0,2025-11-08 14:07:11+00:00,2025-11-08 00:00:00+00:00,2025-11-08 14:07:11+00:00
Wakeup,MxN6pJJvJ4A,WAKE-UP 247 x MANCHESTER CITY I NƯỚC TĂNG LỰC VÀNG GUARANA MỚI!,Nước tăng lực vị cà phê Wake-up 247,2025-08-12T04:20:50Z,11595189,177,23,@huuduy2823,Quảng cáo lắm,0,2025-11-08T14:06:56Z,quảng cáo lắm,negative,0.0,2025-11-08 14:06:56+00:00,2025-11-08 00:00:00+00:00,2025-11-08 14:06:56+00:00
Wakeup,MxN6pJJvJ4A,WAKE-UP 247 x MANCHESTER CITY I NƯỚC TĂNG LỰC VÀNG GUARANA MỚI!,Nước tăng lực vị cà phê Wake-up 247,2025-08-12T04:20:50Z,11595189,177,23,@huuduy2823,WakeUp,0,2025-11-08T14:06:49Z,wakeup,neutral,0.0,2025-11-08 14:06:49+00:00,2025-11-08 00:00:00+00:00,2025-11-08 14:06:49+00:00
Wakeup,MxN6pJJvJ4A,WAKE-UP 247 x MANCHESTER CITY I NƯỚC TĂNG LỰC VÀNG GUARANA MỚI!,Nước tăng lực vị cà phê Wake-up 247,2025-08-12T04:20:50Z,11595189,177,23,@huuduy2823,cà r phê,0,2025-11-08T14:06:39Z,cà r phê,neutral,0.0,2025-11-08 14:06:39+00:00,2025-11-08 00:00:00+00:00,2025-11-08 14:06:39+00:00
Wakeup,MxN6pJJvJ4A,WAKE-UP 247 x MANCHESTER CITY I NƯỚC TĂNG LỰC VÀNG GUARANA MỚI!,Nước tăng lực vị cà phê Wake-up 247,2025-08-12T04:20:50Z,11595189,177,23,@huuduy2823,hạt siêu cà phê,0,2025-11-08T14:06:34Z,hạt siêu cà phê,neutral,0.0,2025-11-08 14:06:34+00:00,2025-11-08 00:00:00+00:00,2025-11-08 14:06:34+00:00
Wakeup,MxN6pJJvJ4A,WAKE-UP 247 x MANCHESTER CITY I NƯỚC TĂNG LỰC VÀNG GUARANA MỚI!,Nước tăng lực vị cà phê Wake-up 247,2025-08-12T04:20:50Z,11595189,177,23,@Besyvn,WakeUp quá ngon! Tôi rất thích,0,2025-11-08T13:53:45Z,wakeup quá ngon tôi rất thích,positive,0.0,2025-11-08 13:53:45+00:00,2025-11-08 00:00:00+00:00,2025-11-08 13:53:45+00:00
Wakeup,MxN6pJJvJ4A,WAKE-UP 247 x MANCHESTER CITY I NƯỚC TĂNG LỰC VÀNG GUARANA MỚI!,Nước tăng lực vị cà phê Wake-up 247,2025-08-12T04:20:50Z,11595189,177,23,@CườngLê-y8r,"duma quảng cáo ít thôi, cứ xem đc 30 giây lại dính quảng cáo 15 giây, quá khó chịu",3,2025-09-10T03:12:15Z,duma quảng cáo ít thôi cứ xem đc 30 giây lại dính quảng cáo 15 giây quá khó chịu,negative,0.0,2025-09-10 03:12:15+00:00,2025-09-10 00:00:00+00:00,2025-09-10 03:12:15+00:00
Wakeup,MxN6pJJvJ4A,WAKE-UP 247 x MANCHESTER CITY I NƯỚC TĂNG LỰC VÀNG GUARANA MỚI!,Nước tăng lực vị cà phê Wake-up 247,2025-08-12T04:20:50Z,11595189,177,23,@HoHoangPhuc-km6le,quảng cáo éo j nhiều vậy ?,2,2025-09-09T15:09:08Z,quảng cáo éo j nhiều vậy,neutral,0.0,2025-09-09 15:09:08+00:00,2025-09-09 00:00:00+00:00,2025-09-09 15:09:08+00:00
Wakeup,MxN6pJJvJ4A,WAKE-UP 247 x MANCHESTER CITY I NƯỚC TĂNG LỰC VÀNG GUARANA MỚI!,Nước tăng lực vị cà phê Wake-up 247,2025-08-12T04:20:50Z,11595189,177,23,@kimhoangphudesignforpassio4024,"coi mấy lần đầu thì cũng ám ảnh 
nhây quá đi mua nước né sợ ko dám mua uống lun 
quảng cáo quá đà bị tác dụng phụ lun",2,2025-09-09T01:41:46Z,coi mấy lần đầu thì cũng ám ảnh nhây quá đi mua nước né sợ ko dám mua uống lun quảng cáo quá đà bị tác dụng phụ lun,negative,0.0,2025-09-09 01:41:46+00:00,2025-09-09 00:00:00+00:00,2025-09-09 01:41:46+00:00
Wakeup,MxN6pJJvJ4A,WAKE-UP 247 x MANCHESTER CITY I NƯỚC TĂNG LỰC VÀNG GUARANA MỚI!,Nước tăng lực vị cà phê Wake-up 247,2025-08-12T04:20:50Z,11595189,177,23,@tnguyen-ph3pl,bà già nhà nó spam ads vãi l,1,2025-09-07T19:40:00Z,bà già nhà nó spam ads vãi l,negative,0.0,2025-09-07 19:40:00+00:00,2025-09-07 00:00:00+00:00,2025-09-07 19:40:00+00:00
Wakeup,MxN6pJJvJ4A,WAKE-UP 247 x MANCHESTER CITY I NƯỚC TĂNG LỰC VÀNG GUARANA MỚI!,Nước tăng lực vị cà phê Wake-up 247,2025-08-12T04:20:50Z,11595189,177,23,@HảiPhòngHùng-f4x,Quảng cáo cái dit me m,2,2025-08-29T05:36:10Z,quảng cáo cái dit me m,negative,0.0,2025-08-29 05:36:10+00:00,2025-08-29 00:00:00+00:00,2025-08-29 05:36:10+00:00
Wakeup,MxN6pJJvJ4A,WAKE-UP 247 x MANCHESTER CITY I NƯỚC TĂNG LỰC VÀNG GUARANA MỚI!,Nước tăng lực vị cà phê Wake-up 247,2025-08-12T04:20:50Z,11595189,177,23,@ブラット_THGOGS25U5G_AoV,Wakeup 247 là nước tăng lực vàng phỏng theo red bull,1,2025-08-27T04:53:15Z,wakeup 247 là nước tăng lực vàng phỏng theo red bull,negative,0.0,2025-08-27 04:53:15+00:00,2025-08-27 00:00:00+00:00,2025-08-27 04:53:15+00:00
Wakeup,MxN6pJJvJ4A,WAKE-UP 247 x MANCHESTER CITY I NƯỚC TĂNG LỰC VÀNG GUARANA MỚI!,Nước tăng lực vị cà phê Wake-up 247,2025-08-12T04:20:50Z,11595189,177,23,@DangHoang-o5r,quảng cáo như l,3,2025-08-19T05:08:30Z,quảng cáo như l,negative,0.0,2025-08-19 05:08:30+00:00,2025-08-19 00:00:00+00:00,2025-08-19 05:08:30+00:00
Wakeup,MxN6pJJvJ4A,WAKE-UP 247 x MANCHESTER CITY I NƯỚC TĂNG LỰC VÀNG GUARANA MỚI!,Nước tăng lực vị cà phê Wake-up 247,2025-08-12T04:20:50Z,11595189,177,23,@sauhuynh7502,😢,7,2025-08-16T10:52:27Z,😢,negative,0.0001,2025-08-16 10:52:27+00:00,2025-08-16 00:00:00+00:00,2025-08-16 10:52:27+00:00
Wakeup,MxN6pJJvJ4A,WAKE-UP 247 x MANCHESTER CITY I NƯỚC TĂNG LỰC VÀNG GUARANA MỚI!,Nước tăng lực vị cà phê Wake-up 247,2025-08-12T04:20:50Z,11595189,177,23,@GiaBaoLuu-cm1vd,Được xem là HẠT SIÊU CÀ PHÊ ☕,17,2025-08-15T03:44:32Z,được xem là hạt siêu cà phê,neutral,0.0001,2025-08-15 03:44:32+00:00,2025-08-15 00:00:00+00:00,2025-08-15 03:44:32+00:00
